Property Name,Property Number,Site Name,Site ID,Borough,Community Board,Drinking Fountains
AMERICAN PLAYGROUND,B001,American Playground,B001,B,301,1
AMERSFORT PARK,B002,Amersfort Park,B002,B,318,2
BENSONHURST PARK,B007,Bensonhurst Park,B007,B,311,5
BENSONHURST PARK,B007,Bensonhurst Park,B007-01,B,311,1
BETSY HEAD PARK,B008,Betsy Head Park,B008,B,316,3
BETSY HEAD PARK,B008,Imagination Playground at Betsy Head,B008-03,B,316,2
BROWER PARK,B012,Brower Park,B012,B,308,1
BROWER PARK,B012,Brower Park,B012-03,B,308,1
MARIA HERNANDEZ PARK,B016,Maria Hernandez Park,B016,B,304,4
MARIA HERNANDEZ PARK,B016,Maria Hernandez Park,B016-01,B,304,1
MARIA HERNANDEZ PARK,B016,Maria Hernandez Park,B016-02,B,304,1
BUSHWICK PLAYGROUND,B017,Bushwick Playground,B017,B,304,5
CANARSIE PARK,B018,Dinapoli Plgd,B018-01,B,318,3
CANARSIE PARK,B018,Canarsie Playground,B018-02,B,318,1
CANARSIE PARK,B018,Canarsie Park Zone 1,B018-ZN01,B,318,6
CANARSIE PARK,B018,Canarsie Park Zone 2,B018-ZN02,B,318,1
CARROLL PARK,B019,Carroll Park,B019,B,306,3
COM JOHN BARRY PARK,B021,Commodore Barry Park,B021,B,302,5
COM JOHN BARRY PARK,B021,Commodore Barry Park,B021-01,B,302,1
MIDDLETON PLAYGROUND,B022,Middleton Playground,B022,B,301,1
LAFAYETTE PLGD,B023,Lafayette Playground,B023,B,303,2
COOPER PARK,B025,Cooper Park,B025,B,301,5
COOPER PARK,B025,Carnegie Plgd,B025-01,B,301,1
CUYLER GORE,B026,Cuyler Gore Park,B026,B,302,1
DYKER BEACH PARK,B028,Bay 8 Playground,B028-01,B,310,1
DYKER BEACH PARK,B028,Dyker Plgd,B028-03,B,310,3
DYKER BEACH PARK,B028,Dyker Beach Park Zone 1,B028-ZN01,B,310,9
DYKER BEACH PARK,B028,Dyker Beach Park Zone 2,B028-ZN02,B,310,7
FORT GREENE PARK,B032,Fort Greene Plgd,B032-01,B,302,2
FORT GREENE PARK,B032,Fort Greene Park,B032-02,B,302,1
FORT GREENE PARK,B032,Fort Greene Park Zone 2,B032-ZN02,B,302,2
FORT GREENE PARK,B032,Fort Greene Park Zone 3,B032-ZN03,B,302,1
JOHN PAUL JONES PARK,B035,John Paul Jones Park,B035,B,310,2
FULTON PARK,B038,Fulton Park,B038,B,303,2
GREENPOINT PLAYGROUND,B043,Greenpoint Playground,B043,B,301,1
DR RONALD MCNAIR PARK,B044,Dr. Ronald McNair Park,B044,B,309,2
IRVING SQUARE PARK,B049,Irving Square Park,B049,B,304,2
VAN VOORHEES PARK,B050,Van Voorhees Park,B050,B,306,6
WM E KELLY MEMORIAL PARK,B051,Kelly Park,B051,B,315,6
LEIF ERICSON PARK & SQUARE,B052,Leif Ericson Park,B052,B,310,2
LEIF ERICSON PARK,B052,Millennium Playground,B052-01,B,310,1
LEIF ERICSON PARK,B052,Leif Ericson Park,B052-03,B,310,4
LINCOLN TERRACE PARK / ARTHUR S. SOMERS,B054,Lincoln Terrace Park / Arthur S. Somers,B054-01,B,308,4
LINCOLN TERRACE PARK / ARTHUR S. SOMERS,B054,Lincoln Terr Pk/Arthur S Somers Zone 1,B054-ZN01,B,308,5
LINCOLN TERRACE PARK / ARTHUR S. SOMERS,B054,Lincoln Terr Pk/Arthur S Somers Zone 2,B054-ZN02,B,308,1
LINCOLN TERRACE PARK / ARTHUR S. SOMERS,B054,Lincoln Terr Pk/Arthur S Somers Zone 3,B054-ZN03,B,308,4
STERNBERG PARK,B055,Sternberg Park,B055,B,301,7
DR MARTIN LUTHER KING JR PARK,B056,Martin Luther King Jr. Playground,B056,B,305,2
MARINE PARK,B057,PS 278 Plgd,B057-03,B,315-318,1
MARINE PARK,B057,Lenape Playground,B057-04,B,315-318,1
MARINE PARK,B057,Dr John's Plgd,B057-05,B,315-318,3
MARINE PARK,B057,Seba Playground,B057-06,B,315-318,2
MARINE PARK,B057,Marine Park Zone 4,B057-ZN04,B,315-318,6
MARINE PARK,B057,Marine Park Zone 5,B057-ZN05,B,315-318,1
MARINE PARK,B057,Marine Park Zone 6,B057-ZN06,B,315-318,1
MARINE PARK,B057,Marine Park Zone 7- Gerritsen Ballfields,B057-ZN07,B,315-318,2
MCCARREN PARK,B058,Vincent V Abate Plgd,B058-01,B,301,3
MCCARREN PARK,B058,McCarren Park Zone 1,B058-ZN01,B,301,1
MCCARREN PARK,B058,McCarren Park Zone 2,B058-ZN02,B,301,3
MCCARREN PARK,B058,McCarren Park Zone 3,B058-ZN03,B,301,5
MCCARREN PARK,B058,McCarren Park Zone 4,B058-ZN04,B,301,2
MCCARREN PARK,B058,McCarren Park Zone 6,B058-ZN06,B,301,1
MCKINLEY PARK,B060,McKinley Park,B060,B,310,3
MCKINLEY PARK,B060,McKinley Park,B060-01,B,310,2
MCLAUGHLIN PARK,B061,McLaughlin Park,B061,B,302,7
MILESTONE,B063,Milestone Park,B063,B,311,1
OWLS HEAD PARK,B066,Owl's Head Park,B066,B,310,5
OWLS HEAD PARK,B066,Owls Head Park,B066-01,B,310,3
OWLS HEAD PARK,B066,Owls Head Park,B066-02,B,310,1
PARADE GROUNDS,B068,Detective Dillon Stewart Plgd,B068-01,B,314,2
PROSPECT PARK,B073,Third St Plgd,B073-02,B,306-307-314-309-308,1
PROSPECT PARK,B073,Vanderbilt Playground,B073-07,B,306-307-314-309-308,4
PROSPECT PARK,B073,Imagination Plgd,B073-09,B,306-307-314-309-308,1
PROSPECT PARK,B073,Lincoln Rd Plgd,B073-10,B,306-307-314-309-308,2
PROSPECT PARK,B073,Harmony Playground,B073-20,B,306-307-314-309-308,2
PROSPECT PARK,B073,Main Entrance,B073-ZN01,B,306-307-314-309-308,2
PROSPECT PARK,B073,Litchfield Villa,B073-ZN03,B,306-307-314-309-308,1
PROSPECT PARK,B073,The Bandshell,B073-ZN04,B,306-307-314-309-308,1
PROSPECT PARK,B073,Prospect Park Southwest Lower,B073-ZN06,B,306-307-314-309-308,2
PROSPECT PARK,B073,South West Entrance,B073-ZN07,B,306-307-314-309-308,1
PROSPECT PARK,B073,The Zoo- Lefferts Homestead- Carousel,B073-ZN11,B,306-307-314-309-308,1
PROSPECT PARK,B073,Vale Of Cashmere- Nellie's Lawn,B073-ZN12,B,306-307-314-309-308,2
PROSPECT PARK,B073,Upper Long Meadow,B073-ZN13,B,306-307-314-309-308,4
PROSPECT PARK,B073,Middle Long Meadow,B073-ZN14,B,306-307-314-309-308,3
PROSPECT PARK,B073,Lower Long Meadow,B073-ZN15,B,306-307-314-309-308,10
PROSPECT PARK,B073,The Nethermead,B073-ZN19,B,306-307-314-309-308,3
PROSPECT PARK,B073,Peninsula,B073-ZN21,B,306-307-314-309-308,1
PROSPECT PARK,B073,Lullwater & Boathouse,B073-ZN23,B,306-307-314-309-308,3
WINGATE PARK,B254,Wingate Park,B254,B,309,6
PROSPECT PARK,B073,Lakeside Center & Concert Grove,B073-ZN24,B,306-307-314-309-308,4
PROSPECT PARK,B073,Prospect Lake Near Duck Island,B073-ZN25,B,306-307-314-309-308,1
PROSPECT PARK,B073,Prospect Lake Near West Island,B073-ZN26,B,306-307-314-309-308,1
PROSPECT PARK,B073,West Parade Grounds,B073-ZN27,B,306-307-314-309-308,7
PROSPECT PARK,B073,East Parade Grounds,B073-ZN28,B,306-307-314-309-308,14
COFFEY PARK,B077,Coffey Park,B077,B,306,2
COFFEY PARK,B077,Coffey Park,B077-01,B,306,1
GRACE PLAYGROUND,B078,Grace Playground,B078,B,305,3
SARATOGA SQUARE PARK,B079,Saratoga Park,B079,B,303,4
ASSER LEVY PARK & AQUARIUM,B080,Asser Levy Park,B080,B,313,3
Shore Park and Parkway,B082,Vinland Plgd,B082-01B,B,310,1
Shore Park and Parkway,B082,79 St Plgd,B082-02,B,310,1
Shore Park and Parkway,B082,Shore Road Park Zone 2,B082-ZN02,B,310,4
Shore Park and Parkway,B082,Shore Road Park Zone 3,B082-ZN03,B,310,3
Shore Park and Parkway,B082,Shore Road Park Zone 4,B082-ZN04,B,310,1
Shore Park and Parkway,B082,Shore Road Park Zone 5,B082-ZN05,B,310,4
SUNSET PARK,B087,Sunset Park,B087,B,307,3
SUNSET PARK,B087,Sunset Park,B087-01,B,307,2
HERBERT VON KING PARK,B088,Herbert Von King Park,B088,B,303,4
HERBERT VON KING PARK,B088,Herbert Von King Park,B088-02,B,303,1
HERBERT VON KING PARK,B088,Herbert Von King Park,B088-03,B,303,1
ENNIS PARK,B095,Ennis Playground,B095,B,306,1
SLEDGE PLGD,B097,Sledge Playground,B097,B,318,1
MARTIN LUTHER PLGD,B098,Martin Luther Playground,B098,B,307,2
LT. PETROSINO PLAYGROUND.,B099,Lt. Joseph Petrosino Park,B099,B,311,2
Seth Low Playground/ Bealin Square,B100,Seth Low Playground/ Bealin Square,B100,B,311,1
CRISPUS ATTUCKS PLAYGROUND,B102,Crispus Attucks Playground,B102,B,302,2
CYPRESS HILLS PARK,B103,Cypress Hills Playground,B103,B,305,3
TAAFFE PLGD,B105,Taaffe Playground,B105,B,303,3
SCARANGELLA PARK,B106A,Scarangella Park,B106A,B,313,4
LAFAYETTE PLAYGROUND,B106B,Lafayette Playground,B106B,B,313,1
LIONS' PRIDE PLGD,B107,Lion's Pride Playground,B107,B,305,2
BILL BROWN MEMORIAL PLGD,B109,Bill Brown Playground,B109,B,315,5
MARION-HOPKINSON PLAYGROUND,B110,Marion Hopkinson Playground,B110,B,316,3
J J BYRNE MEM PARK,B111,J.J. Byrne Playground,B111,B,306,4
TERRAPIN PLGD (JHS 51),B111A,Washington Park,B111A,B,306,5
S PARKES CADMAN PLAZA,B113A,Cadman Plaza Park,B113A,B,302,3
COLUMBUS PARK,B113C,Columbus Park,B113C,B,302,1
WALT WHITMAN PARK,B113E,Walt Whitman Park,B113E,B,302,2
MONSIGNOR MCGOLRICK PARK,B114,Msgr. McGolrick Park,B114,B,301,1
MONSIGNOR MCGOLRICK PARK,B114,Monsignor Mcgolrick Playground,B114-01,B,301,2
DODGER PLGD,B121,Dodger Playground,B121,B,309,1
WILLIAM SHERIDAN PLAYGROUND,B124,William Sheridan Playground,B124,B,301,2
DREIER OFFERMAN PARK,B125,Calvert Vaux,B125-01,B,313,4
DREIER-OFFERMAN PARK,B125,Calvert Vaux Park Zone 2,B125-ZN02,B,313,3
RED HOOK PARK,B126,Bush Clinton Park,B126-01,B,306,2
RED HOOK RECREATION AREA,B126,Red Hook Park Zone 1,B126-ZN01,B,306,2
RED HOOK RECREATION AREA,B126,Red Hook Park Zone 2,B126-ZN02,B,306,2
RED HOOK RECREATION AREA,B126,Red Hook Park Zone 3,B126-ZN03,B,306,5
RED HOOK RECREATION AREA,B126,Red Hook Park Zone 5,B126-ZN05,B,306,1
RED HOOK RECREATION AREA,B126,Red Hook Park Zone 6,B126-ZN06,B,306,1
MARTINEZ PLAYGROUND,B127,Martinez Playground,B127,B,301,1
COL DAVID MARCUS MEM PLGD,B128,Colonel David Marcus Playground,B128,B,312,3
LEON S KAISER PARK,B129,Leon S Kaiser Playground,B129-01,B,313,1
LEON S KAISER PARK,B129,Kaiser Park Zone 1,B129-ZN01,B,313,2
LEON S KAISER PARK,B129,Kaiser Park Zone 2,B129-ZN02,B,313,1
GREENWOOD PLAYGROUND,B130,Greenwood Playground,B130,B,307,4
RUDD PLAYGROUND,B131,Rudd Playground,B131,B,304,1
RAMIREZ PLAYGROUND,B132,Gilbert Ramirez Park,B132,B,301,1
NEWTOWN BARGE TERMINAL PLGD,B135,Newtown Barge Playground,B135,B,301,2
SIXTEEN SYCAMORES PLAYGROUND,B137,Sixteen Sycamores Playground,B137,B,302,2
HECKSCHER PLAYGROUND,B139,Heckscher Playground,B139,B,304,7
CITY LINE PARK,B141,City Line Park,B141,B,305,3
OCEAN HILL PLGD,B144,Ocean Hill Playground,B144,B,316,2
THOMAS GREENE PLAYGROUND,B145,Thomas Greene Playground,B145,B,306,2
DUSTBOWL,B146,Quaker Parrot Park at the Dust Bowl,B146,B,310,4
REV T J CRAWFORD ATHLETIC FLD,B147,Monsignor Crawford Field,B147,B,318,3
ROLF HENRY PLGD,B148,Rolf Henry Playground,B148,B,309,1
LINWOOD PLGD,B149B,Linwood Playground,B149B,B,305,1
PAUL W KOLBERT PARK,B150,Kolbert Playground,B150,B,314,2
JESSE AND CHARLES DOME PLGD,B151,Dome Playground,B151,B,312,4
RAPPAPORT PLGD,B152,Rappaport Playground,B152,B,312,2
PACIFIC PLGD,B153,South Pacific Playground,B153,B,316,4
BERRY PLAYGROUND,B154,Berry Playground,B154,B,301,1
POWELL PLAYGROUND,B156,Powell Playground,B156,B,316,2
KELLY PLAYGROUND,B157,Kelly Park,B157,B,315,1
GARIBALDI PLAYGROUND,B158,Garibaldi Playground,B158,B,311,1
MT PROSPECT PARK,B159,Mount Prospect Park,B159,B,309-308,1
MT PROSPECT PARK PLAYGROUND,B159,Mt Prospect Park,B159-01,B,309-308,1
UNDERHILL PLGD,B161,Underhill Playground,B161,B,308,2
BRIZZI PLGD,B162,Brizzi Playground,B162,B,312,2
SPERANDEO BROTHERS PLGD,B163,Sperandeo Brothers Playground,B163,B,305,4
BATH BEACH PLAYGROUND,B164,Bath Beach Park,B164,B,311,4
HOMECREST PLGD,B166B,Homecrest Playground,B166B,B,315,1
CONEY ISLAND BOAT BASIN,B166C,Six Diamonds Zone 2,B166C-ZN02,B,313,6
JOSEPH T MCGUIRE PARK,B166D,McGuire Fields,B166D,B,318,10
JOSEPH T MCGUIRE PARK,B166D,McGuire Fields Tot Lot,B166D-01,B,318,1
LA GUARDIA PLAYGROUND WEST,B167,La Guardia Playground,B167,B,301,1
CONTINENTAL ARMY PLAZA,B168,Continental Army Plaza,B168,B,301,1
BRIGHTON PLAYGROUND,B169A,Brighton Playground,B169A,B,313,1
POSEIDON PLGD,B169B,Poseidon Playground,B169B,B,313,1
CONEY ISLAND BEACH & BOARDWALK,B169,Coney Island Beach Zone 1a,B169-ZN01A,B,313-315,2
CONEY ISLAND BEACH & BOARDWALK,B169,Coney Island Beach Zone 1b,B169-ZN01B,B,313-315,5
CONEY ISLAND BEACH & BOARDWALK,B169,Coney Island Beach Zone 2a,B169-ZN02A,B,313-315,2
CONEY ISLAND BEACH & BOARDWALK,B169,Coney Island Beach Zone 2b,B169-ZN02B,B,313-315,6
CONEY ISLAND BEACH & BOARDWALK,B169,Coney Island Beach Zone 3a,B169-ZN03A,B,313-315,2
CONEY ISLAND BEACH & BOARDWALK,B169,Coney Island Beach Zone 3b,B169-ZN03B,B,313-315,4
CONEY ISLAND BEACH & BOARDWALK,B169,Coney Island Beach Zone 4a,B169-ZN04A,B,313-315,4
CONEY ISLAND BEACH & BOARDWALK,B169,Coney Island Beach Zone 4b,B169-ZN04B,B,313-315,4
CONEY ISLAND BEACH & BOARDWALK,B169,Coney Island Beach Zone 5a,B169-ZN05A,B,313-315,4
CONEY ISLAND BEACH & BOARDWALK,B169,Coney Island Beach Zone 5b,B169-ZN05B,B,313-315,6
CONEY ISLAND BEACH & BOARDWALK,B169,Coney Island Beach Zone 6a,B169-ZN06A,B,313-315,4
CONEY ISLAND BEACH & BOARDWALK,B169,Coney Island Beach Zone 6b,B169-ZN06B,B,313-315,2
CONEY ISLAND BEACH & BOARDWALK,B169,Coney Island Beach Zone 7a,B169-ZN07A,B,313-315,4
CONEY ISLAND BEACH & BOARDWALK,B169,Coney Island Beach Zone 7b,B169-ZN07B,B,313-315,2
CONEY ISLAND BEACH & BOARDWALK,B169,Coney Island Beach Zone 7c,B169-ZN07C,B,313-315,4
FRASER SQUARE,B173,Fraser Square,B173,B,318,1
RUSSELL PEDERSON PLAYGROUND,B192,Russell Pedersen Playground,B192,B,310,2
FT HAMILTON ATHLETIC FIELD,B192A,Fort Hamilton Athletic Field,B192A,B,310,3
HAMILTON-METZ FIELD,B193,Hamilton Metz Field,B193,B,309,4
MELLETT PLAYGROUND,B197,Mellett Playground,B197,B,315,2
ELIZABETH STROUD PLAYGROUND,B200,Elizabeth Stroud Playground,B200,B,303,1
SUNNERS PLAYGROUND,B206,Sunners Playground,B206,B,318,1
COMM EUGENE S SARSFIELD PLGD,B207,Sarsfield Playground,B207,B,318,1
PFC THOMAS NORTON MEM PLGD,B208,Pfc Norton Playground,B208,B,315,1
GALAPO PLAYGROUND,B209,Galapo Playground,B209,B,315,2
JOHN ALLEN PAYNE PARK,B210A,John Allen Payne Park,B210A,B,307,3
D'EMIC  PLAYGROUND,B210B,D'Emic Playground,B210B,B,307,2
HAROLD ICKES PLGD,B210H,Harold Ickes Playground,B210H,B,306,1
THIRD AVE PLGD,B210I,Gonzalo Plasencia Playground,B210I,B,307,3
PS 1 PLAYGROUND,B210J,Pena Herrera Park,B210J,B,307,2
JOHN J CARTY PARK,B210W,John J Carty Park,B210W,B,310,4
CAMPUS ROAD TOT LOT,B212,Hot Spot Tot Lot,B212,B,314,1
LINDEN PARK,B214,Linden Park,B214-01,B,305,4
DECATUR PLGD,B215,Decatur Playground,B215,B,303,1
RAYMOND BUSH PLGD,B216,Raymond Bush Playground,B216,B,303,2
MARCY PLAYGROUND,B217,Marcy Playground,B217,B,303,4
PAERDEGAT PARK,B218,Paerdegat Park,B218,B,317,4
CALLAHAN-KELLY PLGD,B219,Callahan-Kelly Playground,B219,B,316,4
WASHINGTON HALL PLGD,B220,Washington Hall Park,B220,B,302,2
STEUBEN PLGD,B221,Steuben Playground,B221,B,302,1
PIERREPONT PLGD,B222,Pierrepont Playground,B222,B,302,2
DIMATTINA PLGD,B223A,Dimattina Playground,B223A,B,306,3
DIMATTINA PLGD,B223B,Dimattina Playground,B223B,B,306,2
ADAM YAUCH PARK,B223DA,Adam Yauch Park,B223DA,B,302,2
BROOKLYN HEIGHTS PROMENADE,B223DK,Brooklyn Heights Promenade,B223DK,B,302,3
SQUIBB PARK,B223F,Squibb Park,B223F,B,302,2
HILLSIDE PARK,B223G,Hillside Park,B223G,B,302,2
CHAPIN PLGD,B223H,Harry Chapin Playground,B223H,B,302,1
BRIDGE PARK 2,B223JB,Bridge Park,B223JB,B,302,2
BRIDGE PARK 3,B223JC,Bridge Park 3,B223JC,B,302,2
PENN TRIANGLE,B223NC,Penn Triangle,B223NC,B,301,1
RODNEY PARK CENTER,B223PA,Rodney Park Center,B223PA,B,301,1
RODNEY PARK NORTH,B223PB,Rodney Park North,B223PB,B,301,1
RODNEY PLAYGROUND SOUTH,B223PC,Rodney Playground South,B223PC,B,301,1
RODNEY PLAYGROUND SITTING AREA,B223PD,Rodney Playground Center,B223PD,B,301,1
RODNEY PLAYGROUND NORTH,B223PE,Rodney Playground North,B223PE,B,301,1
CAMPIZ PLAYGROUND,B223R,Jaime Campiz Playground,B223R,B,301,2
POLICE OFFICER REINALDO SALGADO PLGD,B224,P.O. Reinaldo Salgado Playground,B224,B,303,4
ST ANDREW'S PLAYGROUND,B225,St. Andrew's Playground,B225,B,303,4
DR RICHARD GREEN PLGD,B228,Dr. Green Playground,B228,B,316,3
GOWANUS PLAYGROUND,B230,Nicholas Naquan Heyward Jr. Park,B230,B,306,3
DEAN PLGD,B232,Dean Playground,B232,B,308,4
TILDEN PLAYGROUND,B234,Tilden Playground,B234,B,317,2
HERMAN DOLGON PLAYGROUND,B235,Herman Dolgon Playground,B235,B,315,2
GLENWOOD PLAYGROUND,B236,Glenwood Playground,B236,B,318,4
HANCOCK PLGD,B237,John Hancock Playground,B237,B,303,2
ZEBRA PLAYGROUND,B239,Sheepshead Playground,B239,B,315,2
J DRISCOLL TUCKER PLACE,B240,Tucker Place,B240,B,315,1
GOLCONDA PLAYGROUND,B243,Golconda Playground,B243,B,302,2
MCDONALD PLAYGROUND,B244,McDonald Playground,B244,B,315,3
ST JOHNS RECREATION CENTER,B245,St. John's Recreation Center,B245,B,308,11
ST JOHNS RECREATION CENTER,B245,St Johns Recreation Center,B245-02,B,308,1
JEROME PLGD,B246,Jerome Playground,B246,B,305,3
BREUKELEN PARK,B247,Breukelen Ballfields,B247,B,318,5
BREUKELEN PARK,B247,Breukelen Plgd,B247-01,B,318,3
FOX PLAYGROUND,B248,Fox Playground,B248,B,318,3
VAN DYKE PLGD,B249,Van Dyke Playground,B249,B,316,3
NOSTRAND PLGD,B250,Nostrand Playground,B250,B,317,4
MANHATTAN BEACH PARK,B251,Pat Parlato Plgd,B251-04,B,315,1
MANHATTAN BEACH PARK,B251,Manhattan Beach Park,B251-08,B,315,2
MANHATTAN BEACH PARK,B251,Manhattan Beach Zone 1,B251-ZN01,B,315,16
MANHATTAN BEACH PARK,B251,Manhattan Beach Zone 2,B251-ZN02,B,315,9
MANHATTAN BEACH PARK,B251,Manhattan Beach Zone 3,B251-ZN03,B,315,1
WEST PLGD,B252,West Playground,B252,B,313,4
ALBERT J. PARHAM PLAYGROUND,B253,Albert J. Parham Playground,B253,B,302,2
DETECTIVE JOSEPH MAYROSE PARK,B255F,Detective Joseph Mayrose Park,B255F,B,307,1
PARK,B255G,Butterfly Gardens,B255G,B,307,1
CUITE PARK,B255H,Thomas J. Cuite Park,B255H,B,307,1
SEELEY PARK,B255J,Seeley Park,B255J,B,307,1
PARK,B255M,Park,B255M,B,307,1
FROST PLGD,B257,Frost Playground,B257,B,301,1
BREVOORT PLAYGROUND,B258,Brevoort Playground,B258,B,303,2
UNDERWOOD PARK,B259,Underwood Park,B259,B,302,2
HOWARD PLGD & POOL,B260,Howard Playground,B260,B,316,2
SCHENCK PLGD,B261,Schenck Playground,B261,B,305,1
POTOMAC PLGD,B262,Potomac Playground,B262,B,303,3
PS 59 SUMNER PLGD,B263,Sumner Playground,B263,B,303,1
ROEBLING PLGD,B264,Roebling Playground,B264,B,301,2
RAINBOW PLGD,B265,Rainbow Playground,B265,B,307,1
STAR SPANGLED BANNER PLGD,B266,Star Spangled Playground,B266,B,303,3
PARKSIDE PLGD,B267,Parkside Playground,B267,B,309,3
NAUTILUS PLGD,B268,Nautilus Playground,B268,B,313,2
JESSE OWENS PLGD,B269,Jesse Owens Playground,B269,B,303,3
BROWNSVILLE PLGD,B270,Brownsville Playground,B270,B,316,3
DITMAS PLGD,B271,Railroad Playground,B271,B,317,5
MARLBORO PLAYGROUND,B272,Marlboro Playground,B272,B,313,1
BAYVIEW PLGD,B274,Bayview Playground,B274,B,318,2
GRADY PLGD,B275,Grady Playground,B275,B,313,1
BENSON PLGD,B277,Benson Playground,B277,B,311,1
PATRICK O'ROURKE PARK,B282,Patrick O'Rourke Park,B282,B,310,2
BELMONT PLGD,B283,Belmont Playground,B283,B,305,1
MARC'S & JASON'S PLGD,B284,Marc And Jason's Playground,B284,B,309,1
HARRY MAZE MEMORIAL PARK,B285,Harry Maze Playground,B285,B,317,2
BARTLETT PLGD,B286,Bartlett Playground,B286,B,301,2
ANDRIES PLAYGROUND,B287,Andries Playground,B287,B,314,2
SLOPE PARK,B288,Slope Park,B288,B,307,3
POWER PLGD,B291,Power Playground,B291,B,318,1
PRATT PLAYGROUND,B292,Pratt Playground,B292,B,302,2
CLASSON PLGD,B293,Classon Playground,B293,B,302,1
JACKIE ROBINSON PARK,B294,Jackie Robinson Park,B294,B,303,4
OXPORT PLGD,B295,Oxport Playground,B295,B,302,3
LUNA PARK PLAYGROUND,B296,Luna Park,B296,B,313,3
ALBEMARLE PLAYGROUND,B297,Albemarle Playground,B297,B,312,2
STOCKTON PLGD,B298,Stockton Playground,B298,B,303,2
ORACLE PLAYGROUND,B300,Oracle Playground,B300,B,302,1
GREENE PLGD,B301,Greene Playground,B301,B,302,2
CHARLIE'S PLACE,B302,Charlie's Place,B302,B,303,1
KENNEDY KING PLGD,B304,Kennedy King Playground,B304,B,317,2
P.S. 279 PLGD,B305,P.S. 279 Playground,B305,B,318,1
TIGER PLGD,B307,Tiger Playground,B307,B,304,1
YAK PLAYGROUND,B308,Yak Playground,B308,B,315,2
PINK PLGD,B309,Pink Playground,B309,B,305,2
BUSHWICK PLGD & POOL,B310,Bushwick Playground,B310,B,301,3
TEN EYCK PLGD,B311,Ten Eyck Playground,B311,B,301,1
EL SHABAZZ PLAYGROUND,B313,El Shabazz Playground,B313,B,303,2
SURF PLGD,B315,Surf Playground,B315,B,313,2
DIGLIO PLAYGROUND,B316,Di Gilio Playground,B316,B,314,2
LAFAYETTE GARDENS PLAYGROUND,B317,Lafayette Gardens Playground,B317,B,303,2
PARK SLOPE PLGD,B320,Park Slope Playground,B320,B,306,2
EDMONDS PLGD,B321,Edmonds Playground,B321,B,302,2
PULASKI PLGD,B322,Pulaski Playground,B322,B,303,5
HATTIE CARTHAN PLGD,B323,Hattie Carthan Playground,B323,B,303,2
JOFFE PARK,B324,Jacob Joffe Fields,B324,B,318,3
FISH PLGD,B325,Fish Playground,B325,B,316,2
COBBLE HILL PARK,B326,Cobble Hill Park,B326,B,306,2
ALEX LINDOWER PARK,B329,Lindower Park,B329,B,318,2
ALEX LINDOWER PARK,B329,Lindower,B329-01,B,318,3
HICKMAN PLAYGROUND,B330,Hickman Playground,B330,B,318,3
NEPTUNE PLGD,B331,Neptune Playground,B331,B,313,1
EVERGREEN PLGD,B332,Evergreen Playground,B332,B,304,2
FERMI PLGD,B334,Fermi Playground,B334,B,304,3
BILDERSEE PLGD,B335,Bildersee Playground,B335,B,318,3
CENTURY PLGD,B337,Century Playground,B337,B,313,2
NEWPORT PLGD,B339,Newport Playground,B339,B,316,2
GARDEN PLGD,B340,Garden Playground,B340,B,304,1
100% PLGD,B342,100% Playground,B342,B,318,2
OSBORN PLGD,B343,Osborn Playground,B343,B,316,3
ETHAN ALLEN PLGD,B345,Ethan Allen Playground,B345,B,305,2
ERICSSON PLGD,B346,Ericsson Playground,B346,B,301,1
CARVER PLGD,B347,Carver Playground,B347,B,303,3
WILLOUGHBY PLGD,B348,Willoughby Playground,B348,B,303,1
BATH PLGD,B349,Bath Playground,B349,B,311,2
STROUD PLGD,B350,Stroud Playground,B350,B,308,2
CURTIS PARK,B352,Curtis Playground,B352,B,318,2
BERGEN BEACH PLGD,B353,Bergen Beach Playground,B353,B,318,2
NORTH PACIFIC PLGD,B356,North Pacific Playground,B356,B,302,1
JACKIE ROBINSON PLGD,B357,Jackie Robinson Playground,B357,B,309,2
DE HOSTOS PLGD,B358,De Hostos Playground,B358,B,301,3
ELEANOR ROOSEVELT PLGD,B359,Eleanor Roosevelt Playground,B359,B,303,1
REMSEN PLGD ,B360,Remsen Playground,B360,B,318,1
BOERUM PARK,B361,Boerum Park,B361,B,306,2
CHESTER PLGD,B362,Chester Playground,B362,B,316,2
HOUSTON PLGD,B363,Houston Playground,B363,B,316,1
WOODS PLGD,B364,Woods Playground,B364,B,308,1
LIVONIA PARK,B367,Livonia Park,B367,B,316,1
STEEPLECHASE PARK,B369,Steeplechase Park,B369-01,B,313,1
SPRING CREEK PARK,B371,Spring Creek Park Zone 1,B371-ZN01,B,305,2
FRIENDS FIELD PARK,B372,Friends Field,B372,B,312,4
A CHIARANTANO PARK,B375,Chiarantano Playground,B375,B,317,1
FLOYD PATTERSON PARK,B377,Floyd Patterson Ballfields,B377,B,316,2
ROBERT VENABLE PARK,B380,Robert E. Venable Park,B380,B,305,3
BOYLAND PARK,B381,Thomas Boyland Park,B381,B,304,2
ROBERTO CLEMENTE BALLFIELD,B382A,Roberto Clemente Ballfield,B382A,B,301,3
WNYC TRANSMITTER SITE,B385,WNYC Transmitter Park,B385,B,301,1
MOTHER CABRINI PARK,B390,Mother Cabrini Park,B390,B,306,1
LOTT PARK,B392,Lott Park,B392,B,317,1
BUSHWICK GREEN,B395,Green Central Knoll,B395,B,304,3
BROWNSVILLE I URA NEHEMIAH PK,B396,Nehemiah Park,B396,B,316,1
CARTER G. WOODSEN CHILDREN' S PARK,B397,Carter G. Woodson Children's Park,B397,B,316,1
GRAND FERRY PARK,B401,Grand Ferry Park,B401,B,301,1
GEORGE WALKER JR PARK,B402,George Walker Jr. Park,B402,B,305,2
EAST FLATBUSH CHILDREN'S PARK,B404,East Flatbush Children's Park,B404,B,317,1
EPIPHANY PLGD,B405,Epiphany Playground,B405,B,301,1
SOUTH OXFORD PARK,B407,South Oxford Park,B407,B,302,1
LOUIS J VALENTINO JR PARK AND PIER,B418,Valentino Pier,B418,B,306,1
SUTTER AVE BALLFIELD,B419,Sutter Ballfields,B419,B,305,3
BUSHWICK BALLFIELDS,B429,Hope Ballfield,B429,B,304,2
LEWIS PLAYGROUND (Father Strouse),B430,Lewis Playground,B430,B,303,1
BROOKLYN BRIDGE PARK,B431,Brooklyn Bridge Park Playground,B431-01,B,302-306,1
BROOKLYN BRIDGE PARK,B431,Brooklyn Bridge Park Zone 6,B431-ZN06,B,302-306,5
BUSHWICK INLET PARK,B529,Bushwick Inlet Park,B529,B,301,5
HOLOCAUST MEMORIAL PARK,BT10,Holocaust Memorial Park,BT10,B,315,1
BUSH TERMINAL PIERS PARK,BT15,Bush Terminal Park,BT15,B,307,7
WEINBURG TRIANGLE,BZ08,GREENSTREET,BZ08,B,NULL,1
BABI YAR TRIANGLE,BZ10,Babi Yar Triangle,BZ10,B,NULL,1
ABINGDON SQUARE (T),M001,Abingdon Square,M001,M,102,1
ANNUNCIATION PARK,M003,Annunciation Park,M003,M,109,1
ALLEN ST MALL,M004,Allen Mall One,M004,M,103,2
BATTERY PARK,M005,Battery Park Zone 1,M005-ZN01,M,101,4
BATTERY PARK,M005,Battery Park Zone 2,M005-ZN02,M,101,6
TRIBECA PARK,M006,Tribeca Park,M006,M,101,1
BRYANT PARK,M008,Bryant Park,M008,M,105,4
BENNETT PARK,M009,Bennett Park,M009,M,112,1
CENTRAL PARK,M010,Heckscher Plgd,M010-031,M,110-111-107-105-108-106,3
CENTRAL PARK,M010,Billy Johnson Plgd,M010-048,M,110-111-107-105-108-106,1
CENTRAL PARK,M010,East 72nd St Plgd,M010-059,M,110-111-107-105-108-106,1
CENTRAL PARK,M010,Adventure Playground,M010-089,M,110-111-107-105-108-106,2
CENTRAL PARK,M010,West 68th St Plgd,M010-090,M,110-111-107-105-108-106,2
CENTRAL PARK,M010,James Michael Levin Plgd,M010-103,M,110-111-107-105-108-106,4
CENTRAL PARK,M010,Pat Hoffman Friedman Plgd,M010-143,M,110-111-107-105-108-106,2
CENTRAL PARK,M010,Ancient Plgd,M010-145,M,110-111-107-105-108-106,2
CENTRAL PARK,M010,Great Lawn Plgd,M010-151,M,110-111-107-105-108-106,1
CENTRAL PARK,M010,Diana Ross Plgd,M010-164,M,110-111-107-105-108-106,1
CENTRAL PARK,M010,Mariner's Gate Plgd,M010-167,M,110-111-107-105-108-106,2
CENTRAL PARK,M010,Spector Plgd,M010-169,M,110-111-107-105-108-106,1
CENTRAL PARK,M010,East 96th St Plgd,M010-176,M,110-111-107-105-108-106,2
CENTRAL PARK,M010,Safari Plgd,M010-187,M,110-111-107-105-108-106,1
CENTRAL PARK,M010,Wild West Plgd,M010-188,M,110-111-107-105-108-106,2
CENTRAL PARK,M010,Rudin Plgd,M010-193,M,110-111-107-105-108-106,1
CENTRAL PARK,M010,Bendheim Plgd,M010-195,M,110-111-107-105-108-106,2
CENTRAL PARK,M010,West 100th St Plgd,M010-202,M,110-111-107-105-108-106,2
CENTRAL PARK,M010,Bernard Plgd,M010-207,M,110-111-107-105-108-106,1
CENTRAL PARK,M010,110th St Plgd,M010-241,M,110-111-107-105-108-106,1
CENTRAL PARK,M010,110th St & Lenox Ave Plgd,M010-247,M,110-111-107-105-108-106,2
CENTRAL PARK,M010,Wien Walk And Arsenal,M010-ZN01,M,110-111-107-105-108-106,3
CENTRAL PARK,M010,Hallett Nature Sanctuary And Pond,M010-ZN02&4,M,110-111-107-105-108-106,5
CENTRAL PARK,M010,Wollman Rink,M010-ZN03,M,110-111-107-105-108-106,1
CENTRAL PARK,M010,Dairy- Chess & Checkers House- Carousel,M010-ZN05,M,110-111-107-105-108-106,3
CENTRAL PARK,M010,Heckscher Ballfields & Playground,M010-ZN06,M,110-111-107-105-108-106,8
CENTRAL PARK,M010,Central Park South,M010-ZN07,M,110-111-107-105-108-106,2
CENTRAL PARK,M010,Central Park West,M010-ZN08,M,110-111-107-105-108-106,4
CENTRAL PARK,M010,Central Park West,M010-ZN09,M,110-111-107-105-108-106,1
CENTRAL PARK,M010,Sheep Meadow,M010-ZN10&11,M,110-111-107-105-108-106,2
CENTRAL PARK,M010,The Mall And Rumsey Playfield,M010-ZN12&13,M,110-111-107-105-108-106,6
CENTRAL PARK,M010,North Of The Arsenal,M010-ZN14,M,110-111-107-105-108-106,4
CENTRAL PARK,M010,Wallach Walk And East Green,M010-ZN15,M,110-111-107-105-108-106,6
CENTRAL PARK,M010,Pilgrim Hill & Conservatory Water,M010-ZN16,M,110-111-107-105-108-106,3
CENTRAL PARK,M010,Cedar Hill,M010-ZN17,M,110-111-107-105-108-106,5
CENTRAL PARK,M010,The Ramble,M010-ZN18&19,M,110-111-107-105-108-106,2
CENTRAL PARK,M010,Bethesda Terrace,M010-ZN20,M,110-111-107-105-108-106,4
CENTRAL PARK,M010,Belvdre. Cstl.- Turtle Pond- Shkspr Grdn,M010-ZN24&25,M,110-111-107-105-108-106,2
CENTRAL PARK,M010,The Metropolitan Museum Of Art,M010-ZN26,M,110-111-107-105-108-106,4
CENTRAL PARK,M010,Great Lawn And Cleopatra's Needle,M010-ZN27,M,110-111-107-105-108-106,5
CENTRAL PARK,M010,Ross Pinetum,M010-ZN28,M,110-111-107-105-108-106,3
CENTRAL PARK,M010,79th St Yard And Summit Rock,M010-ZN29,M,110-111-107-105-108-106,3
CENTRAL PARK,M010,Central Park West,M010-ZN30,M,110-111-107-105-108-106,4
CENTRAL PARK,M010,Reservoir Running Track & Landscape,M010-ZN31,M,110-111-107-105-108-106,2
CENTRAL PARK,M010,Reservoir (Southeast),M010-ZN32,M,110-111-107-105-108-106,2
CENTRAL PARK,M010,Reservoir (Northeast),M010-ZN33,M,110-111-107-105-108-106,3
CENTRAL PARK,M010,Reservoir (Northwest),M010-ZN34,M,110-111-107-105-108-106,3
CENTRAL PARK,M010,Central Park West,M010-ZN35,M,110-111-107-105-108-106,2
CENTRAL PARK,M010,North Meadow Recreation Center,M010-ZN36,M,110-111-107-105-108-106,3
CENTRAL PARK,M010,North Meadow,M010-ZN37,M,110-111-107-105-108-106,8
CENTRAL PARK,M010,East Meadow,M010-ZN38,M,110-111-107-105-108-106,2
CENTRAL PARK,M010,Conservatory Gardens West Landscape,M010-ZN39,M,110-111-107-105-108-106,1
CENTRAL PARK,M010,Conservatory Garden,M010-ZN40,M,110-111-107-105-108-106,2
CENTRAL PARK,M010,Frawleys' Run,M010-ZN42&43,M,110-111-107-105-108-106,4
CENTRAL PARK,M010,Northwest Corner,M010-ZN44,M,110-111-107-105-108-106,1
CENTRAL PARK,M010,The Great Hill,M010-ZN46,M,110-111-107-105-108-106,2
CENTRAL PARK,M010,The Pool,M010-ZN48,M,110-111-107-105-108-106,2
CHELSEA PARK,M011,Chelsea Park,M011,M,104,4
CITY HALL PARK,M013,City Hall Park,M013,M,101,4
JACKIE ROBINSON PARK,M014,Jackie Robinson Park,M014,M,109-110,2
JACKIE ROBINSON PARK,M014,Plgd One Fifty Two CLII,M014-02,M,109-110,2
JACKIE ROBINSON PARK,M014,Playground One Forty Nine- CIL,M014-03,M,109-110,2
COLUMBUS PARK,M015,Columbus Park,M015,M,103,9
CORLEARS HOOK PARK,M017,Corlears Hook Park,M017,M,103,2
CARMANSVILLE PLAYGROUND,M018,Carmansville Park,M018,M,109,2
COLEMAN SQUARE PLAYGROUND,M019,Coleman Playground,M019,M,103,4
DE WITT CLINTON PARK,M022,De Witt Clinton Park,M022,M,104,8
DOWNING PLAYGROUND,M027,Downing Street Playground,M027,M,102,1
FORT WASHINGTON PARK,M028,Lily Brown Playground,M028-02,M,112,1
FORT WASHINGTON PARK,M028,Discovery Playground,M028-03,M,112,4
FORT WASHINGTON PARK,M028,Fort Washington Park Zone 1A,M028-ZN01A,M,112,4
FORT WASHINGTON PARK,M028,Fort Washington Park Zone 2A,M028-ZN02A,M,112,4
FORT TRYON PARK,M029,Anne Loftus Plgd,M029-02,M,112,2
FORT TRYON PARK,M029,Fort Tryon Park Zone 1,M029-ZN01,M,112,2
FORT TRYON PARK,M029,Fort Tryon Park Zone 2,M029-ZN02,M,112,4
FORT TRYON PARK,M029,Fort Tryon Park Zone 3,M029-ZN03,M,112,3
FORT TRYON PARK,M029,Fort Tryon Park Zone 4,M029-ZN04,M,112,2
FORT TRYON PARK,M029,Fort Tryon Park Zone 5,M029-ZN05,M,112,2
FORT TRYON PARK,M029,Fort Tryon Park Zone 6,M029-ZN06,M,112,1
THOMAS PAINE PARK,M030,Thomas Paine Park,M030,M,101,2
GORMAN MEMORIAL PARK,M031,Gorman Park,M031,M,112,1
GREELEY SQUARE,M032,Greeley Square Park,M032,M,105,1
HAMILTON FISH PARK,M033,Hamilton Fish Park,M033,M,103,2
HIGHBRIDGE PARK,M037,Sunken Plgd,M037-01,M,110-112,1
HIGHBRIDGE PARK,M037,Quisqueya Plgd,M037-03,M,110-112,1
HIGHBRIDGE PARK,M037,Wallenberg Plgd,M037-04,M,110-112,3
HIGHBRIDGE PARK,M037,CPF Plgd,M037-05B,M,110-112,1
HIGHBRIDGE PARK,M037,Coogan's Bluff,M037-08,M,110-112,1
HIGHBRIDGE PARK,M037,Ft George Plgd,M037-09,M,110-112,1
HIGHBRIDGE PARK,M037,Adventure Plgd,M037-10,M,110-112,1
HIGHBRIDGE PARK,M037,Dyckman Sitting Area,M037-11,M,110-112,1
HIGHBRIDGE PARK,M037,Highbridge Park Zone 2,M037-ZN02,M,110-112,3
HIGHBRIDGE PARK,M037,Highbridge Park Zone 3,M037-ZN03,M,110-112,3
HIGHBRIDGE PARK,M037,Highbridge Park Zone 4,M037-ZN04,M,110-112,3
JAMES J WALKER PARK,M038,James J Walker Park,M038,M,102,2
HARLEM RIVER PARK,M039,Harlem River Park Zone 1,M039-ZN01,M,110-111-112,6
ALEXANDER HAMILTON PLGD,M041,Alexander Hamilton Playground,M041,M,109,2
INWOOD HILL PARK,M042,Payson Plgd,M042-01,M,112,1
INWOOD HILL PARK,M042,Emerson Plgd,M042-02,M,112,1
INWOOD HILL PARK,M042,Indian Road Plgd,M042-03,M,112,2
INWOOD HILL PARK,M042,Inwood Hill Park Zone 1,M042-ZN01,M,112,7
INWOOD HILL PARK,M042,Inwood Hill Park Zone 2,M042-ZN02,M,112,1
INWOOD HILL PARK,M042,Inwood Hill Park Zone 4 (Dyckman Fields),M042-ZN04,M,112,4
ISHAM PARK,M043,Isham Park Zone 2,M043-ZN02,M,112,2
JACKSON SQUARE (T),M044,Jackson Square,M044,M,102,1
JOHN JAY PARK & POOL,M045,John Jay Park,M045,M,108,5
THOMAS JEFFERSON PARK,M047,Thomas Jefferson Park,M047,M,111,8
MADISON SQUARE PARK,M052,Madison Square Park,M052,M,105,1
MADISON SQUARE PARK,M052,Madison Square Park,M052-02,M,105,2
THEODORE ROOSEVELT PARK,M053,Theodore Roosevelt Park,M053,M,107,2
MITCHEL SQUARE,M054,Mitchel Square,M054,M,112,1
MORNINGSIDE PARK,M056,Playground 123,M056-01,M,109,5
MORNINGSIDE PARK,M056,Morningside Plgd,M056-02,M,109,1
MORNINGSIDE PARK,M056,Morningside Park Zone 1,M056-ZN01,M,109,2
MORNINGSIDE PARK,M056,Morningside Park Zone 2,M056-ZN02,M,109,2
MARCUS GARVEY MEMORIAL PARK,M058,Marcus Garvey Memorial Park,M058-06,M,111,1
MARCUS GARVEY MEMORIAL PARK,M058,Marcus Garvey Memorial Park,M058-07,M,111,1
MARCUS GARVEY MEMORIAL PARK,M058,Marcus Garvey Park Zone 1,M058-ZN01,M,111,1
MARCUS GARVEY MEMORIAL PARK,M058,Marcus Garvey Park Zone 2,M058-ZN02,M,111,4
MURPHY'S BROTHER'S PLGD,M059,Murphy Brothers Playground,M059,M,106,3
Park Avenue Malls,M060C,Park Avenue Malls Sitting Area,M060C-01,M,108-111,1
Gertrude Ederle Recreation Center,M063,Gertrude Ederle Recreation Center,M063,M,107,1
LILLIAN D WALD PLAYGROUND,M064,Lillian D Wald Playground,M064,M,103,2
LUTHER GULICK PLGD,M065,Luther Gulick Park,M065,M,103,1
DR GERTRUDE B KELLY PLGD,M066,Dr. Gertrude B. Kelly Playground,M066,M,104,2
LOEB PLGD,M067,Sophie Irene Loeb,M067,M,103,1
VESUVIO PLAYGROUND,M069,Vesuvio Playground,M069,M,102,3
PARK (QUEENSBORO OVAL),M070,Queensboro Oval,M070,M,108,2
RIVERSIDE PARK,M071,Neufeld Plgd,M071-04,M,107-109,3
RIVERSIDE PARK,M071,River Run Plgd,M071-08,M,107-109,1
RIVERSIDE PARK,M071,Hippo Plgd,M071-13,M,107-109,1
RIVERSIDE PARK,M071,Dinosaur Plgd,M071-16,M,107-109,2
RIVERSIDE PARK,M071,Claremont,M071-31,M,107-109,1
RIVERSIDE PARK,M071,Tot Lot One Hundred Five,M071-34,M,107-109,1
RIVERSIDE PARK,M071,South Lawn,M071-ZN01,M,107-109,2
RIVERSIDE PARK,M071,Running Track And 78th St. Ballfields,M071-ZN02,M,107-109,3
RIVERSIDE PARK,M071,Waterfront Landscape To 89 St.,M071-ZN04,M,107-109,1
RIVERSIDE PARK,M071,Mt. Tom Landscape,M071-ZN05,M,107-109,1
RIVERSIDE PARK,M071,Serpentine Promenade,M071-ZN06,M,107-109,1
RIVERSIDE PARK,M071,Soldiers & Sailors Monument RSD Sidewalk,M071-ZN07,M,107-109,1
RIVERSIDE PARK,M071,Terrace Promenade South,M071-ZN14,M,107-109,2
RIVERSIDE PARK,M071,Terrace Promenade North,M071-ZN15,M,107-109,4
RIVERSIDE PARK,M071,Middle Park Landscape,M071-ZN16,M,107-109,5
RIVERSIDE PARK,M071,Wildlife Sanct. & 119 St Tennis Courts,M071-ZN17,M,107-109,3
RIVERSIDE PARK,M071,101st St. Soccer Field,M071-ZN18,M,107-109,1
RIVERSIDE PARK,M071,104th St. Softball Field,M071-ZN19,M,107-109,2
RIVERSIDE PARK,M071,108th St. Softball Field,M071-ZN21,M,107-109,2
RIVERSIDE PARK,M071,Skate Park And Basketball Courts,M071-ZN22,M,107-109,2
RIVERSIDE PARK,M071,96th St Tennis Courts And Landscape,M071-ZN23,M,107-109,1
RIVERSIDE PARK,M071,Riverside Dr. Pedestrian Zone E,M071-ZN25,M,107-109,1
RIVERSIDE PARK,M072,Riverbank Plgd,M072-01,M,109,1
RIVERSIDE PARK,M072,Riverside Dr. Pedestrian Zone F,M072-ZN26,M,109,2
RIVERSIDE PARK,M072,Riverside Dr. Pedestrian Zone G,M072-ZN27,M,109,1
RIVERSIDE PARK,M072,147 St Softball & N Waterfront Landscape,M072-ZN28,M,109,2
ST VARTAN PARK,M076,St. Vartan Park,M076,M,106,1
ST NICHOLAS PARK,M077,St Nicholas,M077-02,M,109,3
ST NICHOLAS PARK,M077,Arlington Edinboro Playground,M077-03,M,109,2
ST NICHOLAS PARK,M077,St Nicholas,M077-04,M,109,4
ST CATHERINES PARK,M079,St. Catherine's Park,M079,M,108,3
CARL SCHURZ PARK,M081,Catbird Playground,M081-02,M,108,2
CARL SCHURZ PARK,M081,Carl Schurz Main Lawn,M081-ZN01,M,108,2
CARL SCHURZ PARK,M081,Carl Schurz Promenade,M081-ZN02,M,108,3
WILLIAM H SEWARD PARK,M082,Seward Park,M082,M,103,4
SAKURA PARK,M087,Sakura Park,M087,M,109,2
TOMPKINS SQUARE PARK,M088,Tompkins Square Park,M088,M,103,8
TOMPKINS SQUARE PARK,M088,Tompkins Square Park,M088-01,M,103,2
TOMPKINS SQUARE PARK,M088,Tompkins Square Park,M088-03,M,103,2
UNION SQUARE,M089,Union Square Park,M089,M,105,4
UNION SQUARE,M089,Union Square,M089-01,M,105,2
WASHINGTON SQUARE PARK,M098,Washington Square Park,M098-01,M,102,1
WASHINGTON SQUARE PARK,M098,Washington Square Park,M098-02,M,102,1
WASHINGTON SQUARE PARK,M098,Washington Square Park Western Half,M098-ZN01,M,102,5
WASHINGTON SQUARE PARK,M098,Washington Square Park Eastern Half,M098-ZN02,M,102,5
J HOOD WRIGHT PARK,M099,J. Hood Wright Park,M099,M,112,3
J HOOD WRIGHT PARK,M099,J Hood Wright Park,M099-01,M,112,1
RANDALLS ISLAND,M104,Bronx Shore,M104-ZN01,M,111,2
RANDALLS ISLAND,M104,Sunken Meadow,M104-ZN02,M,111,13
RANDALLS ISLAND,M104,Stadium Area,M104-ZN03,M,111,5
RANDALLS ISLAND,M104,Central Spine,M104-ZN04,M,111,1
SARA D ROOSEVELT PARK,M105,Sara D. Roosevelt Park,M105,M,103,5
SARA D ROOSEVELT PARK,M105,Houston St Plgd,M105-01,M,103,2
SARA D ROOSEVELT PARK,M105,Hester St Plgd,M105-08,M,103,2
WARDS ISLAND,M107,Scylla Playground,M107-01,M,111,1
WARDS ISLAND,M107,Wards Waterfront,M107-ZN05,M,111,2
WARDS ISLAND,M107,Wards Meadow,M107-ZN06,M,111,2
WARDS ISLAND,M107,East River Fields,M107-ZN07,M,111,2
PLAYGROUND 103,M108G,Playground 103 CIII,M108G,M,111,2
PETER DETMOLD PARK,M108N,Peter Detmold Park,M108N,M,106,1
SUTTON PLACE PK,M108P,Sutton Place Park,M108P-03,M,106,1
24 SYCAMORES,M108Q,Twenty-Four Sycamores Park,M108Q,M,108,3
WILLIAM MCCRAY PLAYGROUND,M110,William McCray Playground,M110,M,110,1
JAMES WELDON JOHNSON PLGD,M111,James Weldon Johnson Playground,M111,M,111,1
JOSEPH C SAUER PLGD,M113,Joseph C. Sauer Park,M113,M,103,2
ABC PLAYGROUND,M116,ABC Playground,M116,M,103,1
WILLIAM PASSANNANTE BALLFIELD,M120A,William F. Passannante Ballfield,M120A,M,102,1
PLGD OF THE AMERICAS,M120B,Playground of the Americas,M120B,M,102,1
RECREATION AREA (FIRST PARK),M124,First Park,M124,M,103,2
MINETTA PLGD,M125B,Minetta Playground,M125B,M,102,1
4TH STREET COURTS,M125C,West 4th Street Courts,M125C,M,102,1
LITTLE FLOWER PLGD,M132,Little Flower Playground,M132,M,103,3
PLAYGROUND (BILL ROBINSON),M138,Bill Bojangles Robinson Playground,M138,M,110,1
RIVERSIDE PARK,M140,Ten Mile River Plgd,M140-01,M,109-112,1
HARLEM LANE PARK PLGD,M141,Harlem Lane Playground,M141,M,110,2
John V. Lindsay - East River Park,M144,East River Playground,M144-01,M,103,1
John V. Lindsay - East River Park,M144,East River Park Zone 1,M144-ZN01,M,103,2
John V. Lindsay - East River Park,M144,East River Park Zone 2,M144-ZN02,M,103,9
John V. Lindsay - East River Park,M144,East River Park Zone 3,M144-ZN03,M,103,4
John V. Lindsay - East River Park,M144,East River Park Zone 4,M144-ZN04,M,103,7
John V. Lindsay - East River Park,M144,East River Park Zone 5,M144-ZN05,M,103,4
John V. Lindsay - East River Park,M144,East River Park Zone 6,M144-ZN06,M,103,8
ALBERT CAPSOUTO PARK,M145,Albert Capsouto Park,M145,M,101,1
WHITE PLGD,M148,White Park,M148,M,111,2
MATTHEWS-PALMER PLAYGROUND,M154,Mathews - Palmer Playground,M154,M,104,1
COURTNEY CALLENDER PLGD,M155,Courtney Callender Playground,M155,M,110,2
ROBERT MOSES PLGD,M158,Robert Moses Playground,M158,M,106,2
FREDERICK JOHNSON PARK,M159,Frederick Johnson Playground,M159,M,110,5
FREDERICK E. SAMUEL PLGD,M160,Fred Samuel Playground,M160,M,110,2
MCCAFFREY PLAYGROUND,M161,McCaffrey Playground,M161,M,104,4
PUBLIC BATH (ASSER LEVY),M164,Asser Levy Playground,M164,M,106,5
BARUCH PLGD,M165,Baruch Playground,M165,M,103,2
PETROSINO SQUARE,M170,Petrosino Square,M170,M,102,1
CHERRY CLINTON PLGD,M171,Cherry Clinton Playground,M171,M,103,1
CATHERINE SLIP MALLS,M178,Catherine Slip Malls,M178,M,103,1
SAMUEL N BENNERSON 2ND PLGD,M184,Samuel N. Bennerson 2nd Playground,M184,M,107,2
COL CHARLES YOUNG PLGD,M186,Col. Young Playground,M186,M,110,6
MARX BROTHERS PLAYGROUND,M187,Marx Brothers Playground,M187,M,111,1
SHELTERING ARMS PARK,M190,Sheltering Arms Playground,M190,M,109,2
STANLEY M ISAACS PARK,M192,Stanley Isaacs Playground,M192,M,108-111,2
LINCOLN PLGD,M193,Abraham Lincoln Playground,M193,M,111,2
ALFRED E SMITH PARK,M194,Alfred E. Smith Playground,M194,M,103,2
SIDNEY HILLMAN PLGD,M195,Sidney Hillman Playground,M195,M,103,1
PS 1 PLGD (ALFRED SMITH),M196,Playground One,M196,M,103,2
MARTIN LUTHER KING PLGD,M198,Martin Luther King Jr. Park,M198,M,110,1
MSGNR. KETT,M199,Monsignor Kett Playground,M199,M,112,3
BOOKER T WASHINGTON,M200,Booker T. Washington Playground,M200,M,107,2
PLAYGROUND (LILLIAN WALD),M201,Wald Playground,M201,M,103,1
HAMMARSKJOLD PLAZA,M203C,Dag Hammarskjold Plaza,M203C,M,106,1
MOORE PLGD,M204,Moore Playground,M204,M,111,2
PS 125 PLAYGROUND,M205,Playground One Twenty Five CXXV,M205,M,109,1
MARTIN F TANAHEY PLAYGROUND,M206,Tanahey Playground,M206,M,103,3
FATHER FAGAN PARK,M207,Father Fagan Park,M207,M,102,1
HARLEM RIVER PARK,M208A,Alice Kornegay Triangle,M208A,M,111,1
HARLEM RIVER PARK,M208C,Harlem River Park,M208C,M,111,1
HARLEM RIVER PARK,M208D,Each One Teach One,M208D-01,M,111,3
HARLEM RIVER PARK,M208D,Harlem River Park,M208D-02,M,111,2
HARLEM RIVER PARK,M208E,Crack Is Wack Playground,M208E,M,111,2
ST NICHOLAS PARK SOUTH,M211A,St. Nicholas Playground South,M211A,M,110,2
ST NICHOLAS PARK NORTH,M211B,St. Nicholas Playground North,M211B,M,110,2
MAE GRANT PLGD,M213,Mae Grant Playground,M213,M,111,1
CHERRY TREE PLGD,M215,Cherry Tree Park,M215,M,111,1
PS 156 HOLCOMBE RUCKER PLGD,M216,Holcombe Rucker Park,M216,M,110,4
HOWARD BENNETT PLGD,M217,Howard Bennett Playground,M217,M,110,3
DE SALVIO PLGD,M218,DeSalvio Playground,M218,M,102,1
TECUMSEH PLGD,M219,Tecumseh Playground,M219,M,107,3
FREDERICK DOUGLASS PLGD,M220,Frederick Douglass Playground,M220,M,107,3
GRAND & CANAL COURTS,M222,Grand Canal Court,M222,M,102,1
JACOB SCHIFF PLGD (PS 192),M223,Jacob H. Schiff Playground,M223,M,109,4
WAGNER PLGD,M225,Wagner Playground,M225,M,111,2
AUGUSTUS ST GAUDENS,M226,Augustus St. Gaudens Playground,M226,M,106,1
PETERS FIELD,M227,Peter's Field,M227,M,106,1
HENRY JACKSON PLGD,M228,Henry M. Jackson Playground,M228,M,103,1
POOR RICHARD'S PLGD,M230,Poor Richard's Playground,M230,M,111,3
PLAYGROUND 70,M233,Matthew P. Sapolin Playground,M233,M,107,1
WRIGHT BROTHERS PARK,M234,Wright Brothers Playground,M234,M,112,4
SOL LAIN PLGD,M235,Sol Lain Plgd,M235,M,103,1
SAMUEL SEABURY PLGD (PS 198),M236,Samuel Seabury Playground,M236,M,108,4
CORPORAL JOHN A SERAVALLI PLGD,M237,Corporal John A. Seravalli Playground,M237,M,102,3
BLOOMINGDALE PLGD,M238,Bloomingdale Playground,M238,M,107,1
PS 155 PLAYGROUND,M239,P.S. 155 Playground,M239,M,111,1
AUDUBON PLGD,M240,Audubon Playground,M240,M,112,3
NATHAN STRAUS PLGD (PS 140),M241,Nathan Straus Playground,M241,M,103,1
COLLECT POND,M242,Collect Pond Park,M242,M,101,2
EUGENE MCCABE FIELD,M243,Eugene McCabe Field,M243,M,111,1
SOL  BLOOM PLGD,M244,Sol Bloom Playground,M244,M,107,2
PS 194 PLAYGROUND,M245,Renaissance Playground,M245,M,110,2
BLEECKER PLAYGROUND,M251,Bleecker Playground,M251,M,102,2
JAMES MADISON PLZ,M255,James Madison Plaza,M255,M,103,1
GEN DOUGLAS MACARTHUR PARK,M256,MacArthur Park,M256,M,106,1
CLEMENT CLARKE MOORE PARK,M257,Clement Clarke Moore Park,M257,M,104,1
EAST RIVER PLGD,M258,East River Playground,M258,M,111,1
MCKINLEY PLGD,M259,McKinley Playground,M259,M,103,1
BELLEVUE SOUTH PARK,M263,Bellevue South Park,M263,M,106,3
89TH ST PLGD,M264,Playground Eighty Nine LXXXIX,M264,M,107,1
ALBANO PLGD,M265,Vincent F. Albano Jr. Playground,M265,M,106,2
DRY DOCK PLAYGROUND,M270,Dry Dock Playground,M270,M,103,2
OTHMAR AMMANN PLAYGROUND,M273,Othmar Ammann Playground,M273-01,M,111,1
HELLS KITCHEN PARK,M277,Hell's Kitchen Park,M277,M,104,3
GEO SOILAN PK-BATTERY PK CITY,M283,Nelson Rockefeller Park Playground North,M283-01,M,101,1
GEO SOILAN PK-BATTERY PK CITY,M283,Nelson Rockefeller Playground,M283-02,M,101,2
GEO SOILAN PK-BATTERY PK CITY,M283,Nelson Rockefeller Park Playground South,M283-03,M,101,2
GEO SOILAN PK-BATTERY PK CITY,M283,Battery Park City Zone 1,M283-ZN01,M,101,6
GEO SOILAN PK-BATTERY PK CITY,M283,Battery Park City Zone 2,M283-ZN02,M,101,6
MCNAIR PARK,M285,Dr. Ronald E. McNair Playground,M285,M,111,2
ASPHALT GREEN,M286,DeKovats Playground,M286-01,M,108,2
RAMON APONTE PARK,M288,Ramon Aponte Park,M288,M,104,2
RUPPERT PARK,M294,Ruppert Park,M294,M,108,2
MERCER ST. PLAYGROUND,M295,Mercer Playground,M295,M,102,2
SHERMAN CREEK PARK,M300,Sherman Creek,M300,M,112,1
WASHINGTON MARKET PARK,M308,Washington Market Park,M308,M,101,2
Riverside Park South,M353,Little Engine Playground,M353-01,M,107,1
Riverside Park South,M353,South Waterfront West Side,M353-ZN01,M,107,1
Riverside Park South,M353,South Waterfront East Side,M353-ZN02,M,107,2
Riverside Park South,M353,South Waterfront Bike Path,M353-ZN03,M,107,4
BRADHURST URBAN RENEWAL PARK,M355,Robert L. Clinkscales Playground and Community Garden,M355,M,110,2
THE HIGH LINE,M360,The High Line Zone 1,M360-ZN01,M,102-104,3
THE HIGH LINE,M360,The High Line Zone 2,M360-ZN02,M,102-104,3
West Harlem Piers,M376,West Harlem Piers,M376,M,109,3
Pearl St Playground,M378,Pearl St Playground,M378,M,101,2
CANAL PARK,M379,Canal Park,M379,M,101,1
DeLury Square,M385,DeLury Square,M385,M,101,1
Imagination Playground,M386,Imagination Playground,M386,M,101,2
East River Waterfront Esplanade,M391,East River Waterfront Esplanade Zone 1,M391-ZN01,M,101-103,3
FOREST PARK,Q015,Greenhouse Playground,Q015-05,Q,305-405-406-409,2
East River Waterfront Esplanade,M391,East River Waterfront Esplanade Zone 2,M391-ZN02,M,101-103,4
GREENSTREET,MZ226,GREENSTREET,MZ226,M,NULL,1
ALLEY POND PARK,Q001,Horatio Playground,Q001-04,Q,411,2
ALLEY POND PARK,Q001A,Alley Athletic Playground,Q001A-01,Q,413,1
ALLEY POND PARK,Q001,Alley Pond Park Zone 1,Q001-ZN01,Q,411,4
ALLEY POND PARK,Q001,Alley Pond Park Zone 2,Q001-ZN02,Q,411,5
ALLEY POND PARK,Q001,Alley Pond Park Zone 3,Q001-ZN03,Q,411,4
GROVER CLEVELAND PARK,Q002,Grover Cleveland Playground,Q002,Q,405,5
ASTORIA PARK,Q004,Charybdis Playground,Q004-01,Q,401,1
ASTORIA PARK,Q004,Astoria Park Zone 1,Q004-ZN01,Q,401,8
ASTORIA PARK,Q004,Astoria Park Zone 2,Q004-ZN02,Q,401,3
ASTORIA PARK,Q004,Astoria Park Zone 3,Q004-ZN03,Q,401,2
BAISLEY POND PARK,Q005,Sutphin Playground,Q005-01,Q,412,1
BAISLEY POND PARK,Q005,Lakeview Lane Playground,Q005-04,Q,412,1
BAISLEY POND PARK,Q005,157 St Playground,Q005-05,Q,412,3
BAISLEY POND PARK,Q005,Baisley Pond Park,Q005-06,Q,412,1
BAISLEY POND PARK,Q005,Baisley Park South,Q005-11,Q,412,2
BAISLEY POND PARK,Q005,Baisley Pond Park,Q005-12,Q,412,1
BAISLEY POND PARK,Q005,Baisley Pond Park Zone 1,Q005-ZN01,Q,412,3
BAISLEY POND PARK,Q005,Baisley Pond Park Zone 2,Q005-ZN02,Q,412,1
BAISLEY POND PARK,Q005,Baisley Pond Park Zone 3,Q005-ZN03,Q,412,2
BAISLEY POND PARK,Q005,Baisley Pond Park Zone 4,Q005-ZN04,Q,412,2
BAISLEY POND PARK,Q005,Baisley Pond Park Zone 5,Q005-ZN05,Q,412,3
BOWNE PARK,Q006,Bowne Park,Q006,Q,407,1
BOWNE PARK,Q006,Bowne Playground,Q006-01,Q,407,1
MICHAELIS-BAYSWATER PARK,Q007,Bayswater Park,Q007,Q,414,4
MICHAELIS-BAYSWATER PARK,Q007,Bayswater Playground,Q007-01,Q,414,5
BROOKVILLE PARK,Q008,Brookville Playground,Q008-01,Q,413,1
BROOKVILLE PARK,Q008,Brookville Park,Q008-02,Q,413,1
BROOKVILLE PARK,Q008,Brookville Park Zone 1,Q008-ZN01,Q,413,1
BROOKVILLE PARK,Q008,Brookville Park Zone 2,Q008-ZN02,Q,413,1
HERMAN A MACNEIL PARK,Q009,MacNeil Playground,Q009-01,Q,407,2
HERMAN A MACNEIL PARK,Q009,MacNeil Park Zone 1,Q009-ZN01,Q,407,1
LITTLE BAY PARK,Q010A,Little Bay Park Zone 1,Q010A-ZN01,Q,407,5
LITTLE BAY PARK,Q010A,Little Bay Park Zone 2,Q010A-ZN02,Q,407,4
POPPENHUSEN PLGD,Q011,Poppenhusen Playground,Q011,Q,407,2
CROCHERON PARK,Q012,Buz O'Rourke Playground,Q012-01,Q,411,1
JOHN GOLDEN PARK,Q012B,John Golden Park,Q012B,Q,411,3
CROCHERON PARK,Q012,Crocheron Park Zone 1,Q012-ZN01,Q,411,3
CROCHERON PARK,Q012,Crocheron Park Zone 3,Q012-ZN03,Q,411,3
VETERANS GROVE,Q013,Veterans Grove,Q013,Q,404,1
ASTORIA HEIGHTS PLGD,Q014,Astoria Heights Park,Q014,Q,401,3
FOREST PARK,Q015,Sobelsohn Park,Q015-02,Q,305-405-406-409,3
FOREST PARK,Q015,Jackson Pond Playground,Q015-03,Q,305-405-406-409,3
VAN NEST PARK,X093,Van Nest Park,X093,X,211,2
FOREST PARK,Q015,Joseph Devoy Playground,Q015-07,Q,305-405-406-409,2
FOREST PARK,Q015,Dry Harbor Playground,Q015-08,Q,305-405-406-409,4
FOREST PARK,Q015,Giovannelli Playground,Q015-09,Q,305-405-406-409,1
FOREST PARK,Q015,Mary Whalen Playground,Q015-10,Q,305-405-406-409,1
FOREST PARK,Q015,The Overlook,Q015-ZN01,Q,305-405-406-409,1
FOREST PARK,Q015,Victory Field,Q015-ZN04,Q,305-405-406-409,10
FOREST PARK,Q015,Carousel,Q015-ZN05,Q,305-405-406-409,2
FOREST PARK,Q015,The Bandshell,Q015-ZN06,Q,305-405-406-409,6
FOREST PARK,Q015,Tennis Courts - Forest Parkway,Q015-ZN07,Q,305-405-406-409,2
MARTINS FIELD PLGD,Q017,The Olde Towne of Flushing Burial Ground,Q017,Q,407,1
HIGHLAND PARK,Q020,Lower Highland Playground,Q020-01,Q,305-405,2
HIGHLAND PARK,Q020,Upper Highland Playground,Q020-02,Q,305-405,1
HIGHLAND PARK,Q020,Highland Park Zone 1,Q020-ZN01,Q,305-405,1
HIGHLAND PARK,Q020,Highland Park Zone 2,Q020-ZN02,Q,305-405,1
HIGHLAND PARK,Q020,Highland Park Zone 4,Q020-ZN04,Q,305-405,3
HIGHLAND PARK,Q020,Highland Park Zone 5,Q020-ZN05,Q,305-405,2
HIGHLAND PARK,Q020,Highland Park Zone 6,Q020-ZN06,Q,305-405,1
CUNNINGHAM PARK,Q021,Redwood Playground,Q021-02,Q,408,1
CUNNINGHAM PARK,Q021,210 St Playground,Q021-03,Q,408,2
MCLAUGHLIN PLGD,Q021B,McLaughlin Playground,Q021B,Q,408,1
CUNNINGHAM PARK,Q021,Cunningham Park Zone 1,Q021-ZN01,Q,408,2
CUNNINGHAM PARK,Q021,Cunningham Park Zone 2,Q021-ZN02,Q,408,9
CUNNINGHAM PARK,Q021,Cunningham Park Zone 3,Q021-ZN03,Q,408,12
CUNNINGHAM PARK,Q021,Cunningham Park Zone 4,Q021-ZN04,Q,408,2
CUNNINGHAM PARK,Q021,Cunningham Park Zone 5,Q021-ZN05,Q,408,2
CUNNINGHAM PARK,Q021,Cunningham Park Zone 6,Q021-ZN06,Q,408,2
WEEPING BEECH / CARMAN GREEN,Q022,Margaret I. Carman Green - Weeping Beech,Q022,Q,407,1
RUFUS KING PARK,Q023,Rufus King Park,Q023,Q,412,4
KISSENA PARK,Q024,Playground,Q024-02,Q,407,3
KISSENA PARK,Q024,Four Winds Playground,Q024-03,Q,407,2
KISSENA PARK,Q024,Playground,Q024-05,Q,407,1
KISSENA PARK,Q024,Kissena Park Zone 1,Q024-ZN01,Q,407,3
KISSENA PARK,Q024,Kissena Park Zone 2 (Tennis Courts),Q024-ZN02,Q,407,2
KISSENA PARK,Q024,Kissena Park Zone 3,Q024-ZN03,Q,407,4
PARK OF THE AMERICAS,Q026,Park Of The Americas,Q026,Q,404,3
LAURELTON PARKWAY,Q027,Laurelton Parkway West,Q027-02,Q,413,3
WILLIAM F MOORE PARK,Q029,William F Moore Park,Q029,Q,404,1
LAWRENCE VIRGILIO PLGD,Q031,Lawrence Virgilio Playground,Q031,Q,402,2
DOUGHBOY PLAZA,Q031A,Doughboy Plaza,Q031A,Q,402,1
BENNINGER PLAYGROUND,Q038,Benninger Playground,Q038,Q,405,2
NEWTOWN PLAYGROUND,Q041,Newtown Playground,Q041,Q,404,1
NOONAN PLAYGROUND,Q044,L/CPL Thomas P. Noonan Jr. Playground,Q044,Q,402,3
JOSEPHINE CAMINITI PLAYGROUND,Q046,Josephine Caminiti Playground,Q046,Q,404,1
RAINEY PARK,Q048,Rainey Park,Q048,Q,401,1
ROCKAWAY BEACH & BOARDWALK,Q050,Rockaway Beach 08a,Q050-ZN08A,Q,414,1
ROCKAWAY BEACH & BOARDWALK,Q050,Rockaway Beach 08b,Q050-ZN08B,Q,414,3
ROCKAWAY BEACH & BOARDWALK,Q050,Rockaway Beach 9,Q050-ZN09,Q,414,2
ST ALBANS MEMORIAL PARK,Q051,St. Albans Park,Q051,Q,412,4
ST ALBANS  PARK,Q051,174 St Playground,Q051-01,Q,412,1
CAPT TILLY MEMORIAL PARK,Q052,Captain Tilly Park,Q052,Q,408,1
EQUITY PARK,Q053,Equity Park,Q053,Q,409,1
SOHNCKE SQUARE,Q057,Sohncke Square,Q057,Q,402,1
CATHARINE TURNER RICHARDSON PK,Q059,Catharine Turner Richardson Park,Q059,Q,411,1
VINCENT DANIELS SQUARE,Q065,John Vincent Daniels Jr. Square,Q065,Q,402,1
TRIBOROUGH BRIDGE PLAYGROUND B,Q066B,Triborough Bridge Playground B,Q066B,Q,401,1
HOYT PLAYGROUND,Q066F,Hoyt Playground,Q066F,Q,401,3
HART PLGD,Q067A,Hart Playground,Q067A,Q,402,3
PLAUT TRIANGLE,Q073,Plaut Triangle,Q073,Q,407,1
WAYANDA PARK,Q082,Wayanda Park,Q082,Q,413,2
GORMAN PLGD,Q085,Gorman Playground,Q085,Q,403,1
MEMORIAL FIELD OF FLUSHING,Q086,Flushing Fields,Q086,Q,407,5
MEMORIAL FIELD OF FLUSHING,Q086,Leonardo Ingravallo Playground,Q086-01,Q,407,1
HARVEY PARK,Q089B,Harvey Park,Q089B,Q,407,3
GEORGE U HARVEY PLGD,Q089B,Harvey Playground,Q089B-01,Q,407,3
POL. OFFICER EDWARD BYRNE PARK,Q092,Police Officer Edward Byrne Park,Q092,Q,410,4
JOSEPH P ADDABBO MEMORIAL PK,Q094,Tudor Park,Q094,Q,410,6
JOSEPH P. ADDABBO PLAYGROUND,Q094,Addabbo Playground,Q094-01,Q,410,2
VITO LOCASCIO FIELD,Q095,Vito Locascio Field,Q095,Q,410,1
SOUTHERN PARKWAY BALLFIELDS,Q096B,Southern Fields,Q096B,Q,410,4
LEFFERTS PLGD,Q096E,Lefferts Playground,Q096E,Q,410,2
FRANK D. O'CONNOR PLAYGROUND,Q098,Frank D. O'Connor Playground,Q098,Q,404,3
FLUSHING MEADOWS PARK,Q099,World's Fair Playground,Q099-01,Q,403-404-406-407-408,3
FLUSHING MEADOWS PARK,Q099,Triassic Playground,Q099-15,Q,403-404-406-407-408,2
FLUSHING MEADOWS PARK,Q099,Jurassic Playground,Q099-16,Q,403-404-406-407-408,1
FLUSHING MEADOWS PARK,Q099,Lawrence Playground,Q099-17,Q,403-404-406-407-408,1
FLUSHING MEADOWS PARK,Q099,Playground For All Children,Q099-18,Q,403-404-406-407-408,4
FLUSHING MEADOWS PARK,Q099,Albert H. Mauro Playground,Q099-20,Q,403-404-406-407-408,3
FLUSHING MEADOWS PARK,Q099,Flushing Bay Promenade,Q099-ZN01,Q,403-404-406-407-408,7
FLUSHING MEADOWS PARK,Q099,Pavilion & Astral Fountain,Q099-ZN06,Q,403-404-406-407-408,4
FLUSHING MEADOWS PARK,Q099,Festival Sq & Garden Of Meditation,Q099-ZN07,Q,403-404-406-407-408,8
FLUSHING MEADOWS PARK,Q099,South Of Fountain Of The Planets,Q099-ZN08,Q,403-404-406-407-408,16
FLUSHING MEADOWS PARK,Q099,North Of Fountain Of The Planets,Q099-ZN09,Q,403-404-406-407-408,5
FLUSHING MEADOWS PARK,Q099,Putt-putt Golf Course & Allied Bldg,Q099-ZN10,Q,403-404-406-407-408,2
FLUSHING MEADOWS PARK,Q099,Unisphere,Q099-ZN12,Q,403-404-406-407-408,6
FLUSHING MEADOWS PARK,Q099,Reflecting Pool Lawns,Q099-ZN13,Q,403-404-406-407-408,4
FLUSHING MEADOWS PARK,Q099,North Lawn,Q099-ZN14,Q,403-404-406-407-408,3
FLUSHING MEADOWS PARK,Q099,South Lawn,Q099-ZN15,Q,403-404-406-407-408,2
FLUSHING MEADOWS PARK,Q099,College Point Blvd Soccer Fields,Q099-ZN17,Q,403-404-406-407-408,2
FLUSHING MEADOWS PARK,Q099,QN Wldlf Ctr-Terr On Park-NY Hall Of Sci,Q099-ZN18,Q,403-404-406-407-408,6
FLUSHING MEADOWS PARK,Q099,Ballfields,Q099-ZN19,Q,403-404-406-407-408,5
FLUSHING MEADOWS PARK,Q099,Meadow Lake North,Q099-ZN20,Q,403-404-406-407-408,5
FLUSHING MEADOWS PARK,Q099,Meadow Lake SE,Q099-ZN24,Q,403-404-406-407-408,2
FLUSHING MEADOWS PARK,Q099,Meadow Lake NE,Q099-ZN25,Q,403-404-406-407-408,6
MIDDLE VILLAGE PLAYGROUND,Q101,Middle Village Playground,Q101,Q,405,1
JUNIPER VALLEY PARK,Q102,Juniper North Playground Tennis,Q102-02,Q,405,3
JUNIPER VALLEY PARK,Q102,Juniper South Playground,Q102-03,Q,405,2
JUNIPER VALLEY PARK,Q102,Juniper Valley Park Zone 1,Q102-ZN01,Q,405,5
JUNIPER VALLEY PARK,Q102,Juniper Valley Park Zone 2,Q102-ZN02,Q,405,4
KENNEDY PLAYGROUND,Q103,Kennedy Playground,Q103,Q,411,1
QUEENSBRIDGE PARK,Q104,Queensbridge Park,Q104,Q,401-402,3
QUEENSBRIDGE PARK,Q104,Vernon Playground,Q104-01,Q,401-402,1
QUEENSBRIDGE PARK,Q104,"Queensbridge ""Baby"" Park",Q104-02,Q,401-402,1
HOWARD VON DOHLEN PLAYGROUND,Q105,Howard Von Dohlen Playground,Q105,Q,412,1
DANIEL M OCONNELL PLAYGROUND,Q106,Daniel M. O'Connell Playground,Q106,Q,412,3
SPRINGFIELD PARK,Q107,Springfield Park,Q107,Q,413,1
SPRINGFIELD PARK,Q107,Springfield Playground,Q107-01,Q,413,2
LAURELTON PLAYGROUND,Q108,Laurelton Playground,Q108,Q,413,1
P.O. NICHOLAS DEMUTIS PLGD,Q118,Police Officer Nicholas Demutiis Park,Q118,Q,410,2
FREDERICK B JUDGE MEMORIAL PLGD,Q119,Frederick B. Judge Playground,Q119,Q,410,2
HARVARD PLGD,Q120,Harvard Playground,Q120,Q,412,2
LIBERTY PARK,Q121,Detective Keith L Williams Park,Q121,Q,412,4
DET. KEITH L WILLIAMS PARK,Q121,173 St Playground (det. Williams),Q121-01,Q,412,1
DET. KEITH L WILLIAMS PARK,Q121,K.l. Williams Playground (Tennis),Q121-02,Q,412,3
JUNCTION PLGD,Q122,Junction Playground,Q122,Q,403,2
FRANCIS LEWIS PARK,Q126,Francis Lewis Park,Q126,Q,407,3
FRANCIS LEWIS PARK,Q126,Francis Lewis Playground,Q126-01,Q,407,4
MARCONI PARK,Q127,Marconi Park,Q127,Q,412,4
LONDON PLANETREE PLGD,Q128,London Planetree Playground,Q128,Q,409,2
SMOKEY OVAL,Q129,"Phil ""Scooter"" Rizzuto Park",Q129,Q,409,5
FRANK PRINCIPE PARK,Q131,Frank Principe Park,Q131,Q,405,8
PAT WILLIAMS PLGD,Q133,Pat Williams Playground,Q133,Q,413,1
Hempstead Ballfield,Q133A,Hempstead Ballfield,Q133A,Q,413,1
BREININGER PARK,Q134,Breininger Park,Q134,Q,413,3
MURRAY PLAYGROUND,Q141,Murray Playground,Q141,Q,402,3
BEACH 59TH ST PLGD,Q162E,Beach 59th St Playground,Q162E,Q,414,1
BEACH 30TH STREET PLAYGROUND,Q162H,Beach 30th Street Playground,Q162H,Q,414,7
BEACH 17TH ST PLGD,Q162J,Beach 17 Playground,Q162J,Q,414,10
BEACH 9 ST PLGD,Q162J01,Beach 9 Playground,Q162J01,Q,414,2
ROCKAWAY BEACH & BOARDWALK,Q162,Rockaway Beach 01a,Q162-ZN01A,Q,414,2
ROCKAWAY BEACH & BOARDWALK,Q162,Rockaway Beach 01b,Q162-ZN01B,Q,414,1
ROCKAWAY BEACH & BOARDWALK,Q162,Rockaway Beach 02a,Q162-ZN02A,Q,414,1
ROCKAWAY BEACH & BOARDWALK,Q162,Rockaway Beach 02b,Q162-ZN02B,Q,414,3
ROCKAWAY BEACH & BOARDWALK,Q162,Rockaway Beach 02c,Q162-ZN02C,Q,414,1
ROCKAWAY BEACH & BOARDWALK,Q162,Rockaway Beach 03a,Q162-ZN03A,Q,414,1
ROCKAWAY BEACH & BOARDWALK,Q162,Rockaway Beach 04a,Q162-ZN04A,Q,414,1
ROCKAWAY BEACH & BOARDWALK,Q162,Rockaway Beach 04b,Q162-ZN04B,Q,414,1
ROCKAWAY BEACH & BOARDWALK,Q162,Rockaway Beach 04c,Q162-ZN04C,Q,414,3
ROCKAWAY BEACH BOARDWALK,Q163,Rockaway Playground - M,Q163-19,Q,414,1
ROCKAWAY BEACH BOARDWALK,Q163,Rockaway Playground - N,Q163-20,Q,414,1
ROCKAWAY BEACH & BOARDWALK,Q163,Rockaway Beach Playground,Q163-21,Q,414,1
ROCKAWAY BEACH & BOARDWALK,Q163,Rockaway Beach 05a,Q163-ZN05A,Q,414,1
ROCKAWAY BEACH & BOARDWALK,Q163,Rockaway Beach 05b,Q163-ZN05B,Q,414,4
ROCKAWAY BEACH & BOARDWALK,Q163,Rockaway Beach 06a,Q163-ZN06A,Q,414,2
ROCKAWAY BEACH & BOARDWALK,Q163,Rockaway Beach 06b,Q163-ZN06B,Q,414,2
ROCKAWAY BEACH & BOARDWALK,Q163,Rockaway Beach 07a,Q163-ZN07A,Q,414,1
ROCKAWAY BEACH & BOARDWALK,Q163,Rockaway Beach 07b,Q163-ZN07B,Q,414,4
ST MICHAELS PLAYGROUND,Q174A,St. Michael's Playground,Q174A,Q,401,5
BUSH PARK,Q205A,Big Bush Park,Q205A,Q,402,4
NATHAN WEIDENBAUM (LITTLE BUSH) PARK,Q205B,Nathan Weidenbaum Park,Q205B,Q,402,2
MACDONALD PARK (GREENSTREET),Q207,MacDonald Park,Q207,Q,406,2
MAPLE PLGD,Q211,Maple Playground,Q211,Q,407,2
QUEENS VALLEY PLGD (PS 164),Q212,Queens Valley Playground,Q212,Q,408,2
WHITEY FORD FIELD,Q215,Whitey Ford Field,Q215,Q,401,3
DUTCH KILLS PLGD ,Q218,Dutch Kills Playground,Q218,Q,401,3
ROCKAWAY FREEWAY,Q219,Beach 84,Q219-99,Q,414,2
NORELLI-HARGREAVES PLGD,Q220B,Norelli-Hargreaves Playground,Q220B,Q,412,2
DR CHARLES R DREW MEMORIAL PK,Q220C,Dr. Charles R. Drew Park,Q220C,Q,412,3
PLAYGROUND ONE FORTY,Q220E,Playground One Forty,Q220E,Q,412,1
MANTON PLAYGROUND,Q220G,Hoover - Manton Playgrounds,Q220G,Q,408,1
FARM PLGD,Q221,Farm Playground,Q221,Q,408,1
HALLETS COVE PLGD,Q226,Hallets Cove Playground (area A),Q226-01,Q,401,1
WESTBOURNE PLAYGROUND,Q266,Westbourne Playground,Q266,Q,414,1
GLENDALE PLAYGROUND,Q290,Uncle Vito E. Maranzano Glendale Playground,Q290,Q,405,1
STARR PLAYGROUND,Q291,Starr Playground,Q291,Q,405,2
SAUL WEPRIN PLGD,Q293,Saul Weprin Playground,Q293,Q,411,2
UTOPIA PLGD,Q294,Utopia Playground,Q294,Q,408,3
PAUL RAIMONDA PLGD,Q298,Paul Raimonda Playground,Q298,Q,401,3
KISSENA CORRIDOR PARK,Q300,Playground 146,Q300-02,Q,407,1
KISSENA CORRIDOR PARK,Q300,Silent Springs Playground,Q300-03,Q,407,1
KISSENA CORRIDOR PARK,Q300,Captain Mario Fajardo Park,Q300-04,Q,407,1
KISSENA CORRIDOR PARK,Q300,Rachel Carson Playground,Q300-05,Q,407,4
KISSENA CORRIDOR PARK,Q300,NYHMC Playground,Q300-06,Q,407,1
KISSENA CORRIDOR PARK,Q300A,Underhill Playground,Q300A-01,Q,408-411,2
HOLY COW PLGD (PS 179),Q300A1,Holy Cow Playground,Q300A1,Q,408,1
KISSENA CORRIDOR PARK,Q300A,Kissena Corridor East Zone 1,Q300A-ZN01,Q,408-411,2
KISSENA CORRIDOR PARK,Q300A,Kissena Corridor East Zone 3,Q300A-ZN03,Q,408-411,1
KISSENA CORRIDOR PARK,Q300,Kissena Corridor West Zone 2,Q300-ZN02,Q,407,1
KISSENA CORRIDOR PARK,Q300,Captain Mario Fajardo Park,Q300-ZN03,Q,407,1
EVERGREEN PARK (PS 68),Q302,Evergreen Park,Q302,Q,405,3
TRAVERS PARK,Q303,Travers Park,Q303,Q,403,4
EHRENREICH-AUSTIN ST PLGD,Q304,Ehrenreich-Austin Playground,Q304,Q,406,3
JOSEPH F MAFERA PARK,Q305,Mafera Park,Q305,Q,405,9
MOUNT PLGD,Q306,The Painter's Playground,Q306,Q,406,4
DELPHIN H GREENE PLGD (PS 176),Q307,Delphin H. Greene Playground,Q307,Q,413,2
BOWNE PLAYGROUND,Q308,Bowne Playground,Q308,Q,407,2
GLEN OAKS VILLAGE OVAL,Q310,Glen Oaks Oval,Q310,Q,413,4
ARVERNE PLGD,Q313,Arverne Playground,Q313,Q,414,2
FRESH MEADOWS PLGD (PS 173),Q314,Fresh Meadows Playground,Q314,Q,408,1
TALL OAK PLGD (PS 46),Q317,Tall Oak Playground,Q317,Q,411,1
80 PLGD,Q318,Playground Eighty LXXX,Q318,Q,413,3
ANNADALE PLGD,Q319,Annadale Playground,Q319,Q,406,1
VLEIGH PLGD,Q320,Vleigh Playground,Q320,Q,408,1
VAN ALST PLGD,Q321,Van Alst Playground,Q321,Q,401,1
BELLAIRE PLGD,Q322,Bellaire Playground,Q322,Q,413,1
BLAND PLGD,Q326,Bland Playground,Q326,Q,407,1
CASTLEWOOD PLGD (PS 186),Q327,Castlewood Playground,Q327,Q,413,3
BELLEROSE PLGD,Q328,Bellerose Playground,Q328,Q,413,2
POMONOK PLGD (PS 201),Q329,Pomonok Playground,Q329,Q,408,3
LOCUST MANOR PLGD (PS 15),Q330,Locust Manor Playground,Q330,Q,412,2
WOODTREE PLGD,Q332,Woodtree Playground,Q332,Q,401,3
RAVENSWOOD  PLGD,Q333,Ravenswood Playground,Q333,Q,401,2
PLAYGROUND TWENTY-ONE,Q334,Playground Twenty One,Q334,Q,407,1
RUSSELL SAGE PLGD,Q335,Russell Sage Playground,Q335,Q,406,2
JUDGE MOSES WEINSTEIN PLAYGROUND,Q336,Judge Moses Weinstein Playground,Q336,Q,408,3
MAURICE A FITZGERALD PLGD,Q337,Maurice A Fitzgerald Playground,Q337,Q,409,2
SY SEPLOWE PLGD (PS 94),Q338,Admiral Park,Q338,Q,411,2
CABBELL PARK/CAMBRIA PLGD,Q339,Cambria Playground,Q339,Q,413,5
LOU LODATI PLGD,Q340,Torsney Playground,Q340,Q,402,5
SHERRY PARK,Q341C,Sherry Dog Run,Q341C,Q,402,2
CROSSON GREEN,Q341E,Crosson Green,Q341E,Q,402,1
WINFIELD PLAZA,Q341F,Winfield Plaza,Q341F,Q,402,1
ELECTRIC  PLGD,Q342,Electric Playground,Q342,Q,408,3
WHITESTONE PLGD (PS 193),Q343,Whitestone Playground,Q343,Q,407,2
EMERALD PLGD (PS 200),Q344,Emerald Playground,Q344,Q,408,3
REDFERN PLAYGROUND,Q345,Redfern Playground,Q345,Q,414,3
CHALLENGE PLGD (PS 187) 251 ST PLGD,Q346,Challenge Playground,Q346,Q,411,3
COLDEN PLGD (PS 214),Q347,Colden Playground,Q347,Q,407,2
GRAND CENTRAL PLGD,Q348,Willow Lake Playground,Q348,Q,406,1
TELEPHONE PLAYGROUND (PS 205),Q349,Telephone Playground,Q349,Q,411,2
PETER'S FIELD,Q351,Peters Field,Q351,Q,412,3
HILLSIDE PARK (JHS 172),Q352,Hillside Park,Q352,Q,413,2
PLAYGROUND SEVENTY-FIVE,Q354,Playground Seventy Five,Q354,Q,408,1
ALLEY PARK (PS 213),Q356,Alley Park,Q356,Q,411,3
REAL GOOD PARK,Q357B,Real Good Park,Q357B,Q,406,2
TURTLE PLAYGROUND,Q357G,Turtle Playground,Q357G,Q,407,1
GUNN PARK (PS 18),Q358,Detective William T. Gunn Park,Q358,Q,413,2
HAGGERTY PARK,Q359,Haggerty Park,Q359,Q,412,2
OLIVER TRIANGLE,Q360G,Whitefish Triangle,Q360G,Q,405,1
CROWLEY PLGD,Q360J,Crowley Playground,Q360J,Q,404,2
FRONTERA PARK,Q360M,Frontera Park,Q360M,Q,405,2
HOFFMAN PARK,Q360N,Hoffman Park,Q360N,Q,404,3
C C MOORE HOMESTEAD PARK,Q361,Moore Homestead Playground,Q361,Q,404,2
PLAYGROUND 90,Q362,Playground Ninety,Q362,Q,403,1
NORTHERN PLGD,Q363,Northern Playground,Q363,Q,403,3
MARIE CURIE PARK (JHS 158),Q364,Marie Curie Park,Q364,Q,411,3
BULOVA PARK,Q366,Bulova Park,Q366,Q,403,2
HAMMEL PLAYGROUND,Q367,Hammel Playground,Q367,Q,414,2
LOUIS PASTEUR PARK,Q369,Louis Pasteur Park,Q369,Q,411,4
FREEDOM SQUARE,Q370,Freedom Square Playground,Q370,Q,408,1
EAST ELMHURST PLGD (PS 127),Q373,East Elmhurst Playground,Q373,Q,403,4
WILLETS POINT PLGD (PS 209),Q375,Willets Point Playground,Q375,Q,407,2
PLGD 62 (PS 220),Q377,Playground Sixty Two LXII,Q377,Q,406,2
AMPERE PLAYGROUND,Q378,Ampere Playground,Q378,Q,409,1
BRIARWOOD PLAYGROUND (JHS 217),Q379,Briarwood Playground,Q379,Q,408,2
FRANCIS LEWIS PLGD (PS 130),Q381,Francis Lewis Playground,Q381,Q,411,2
JHS 198 PLGD,Q382,Cardozo Playground,Q382,Q,414,2
DITMARS PARK,Q385,Ditmars Park,Q385,Q,401,2
CENTREVILLE PLGD,Q386,Centreville Playground,Q386,Q,410,2
PARK (BAYSIDE HS ATHLETIC FLD),Q387A,Bayside Fields,Q387A,Q,411,2
PARK (230 ST),Q388,Linnaeus Park,Q388,Q,411,1
BAYSIDE PLGD (JHS 180),Q389,Bayside Playground,Q389,Q,414,1
CLINTONVILLE PLGD (JHS 194),Q390,Clintonville Playground,Q390,Q,407,2
JOSEPH AUSTIN PLGD,Q391,Joseph Austin Playground,Q391,Q,408,4
IDLEWILD PARK,Q392,Idlewild Park Zone 1,Q392-ZN01,Q,413,3
CONCH PLGD (PS 105),Q394,Conch Playground,Q394,Q,414,1
MONTBELLIER PARK,Q396,Montbellier Park,Q396,Q,412,5
AUBURNDALE PLGD,Q397,Auburndale Playground,Q397,Q,407,2
ROSEMARY'S PLGD (JHS 93),Q398,Rosemary's Playground,Q398,Q,405,2
BAY TERRACE PLGD (PS 169),Q399,Bay Terrace Playground,Q399,Q,407,1
OAKLAND GARDENS (PS 203),Q400,Oakland Gardens,Q400,Q,411,2
LOST BATTALION HALL,Q401,Lost Battalion Hall Recreation Center,Q401,Q,406,1
LATIMER PLGD,Q402,Latimer Playground,Q402,Q,412,2
BEACH CHANNEL PLGD (PS 183),Q403,Beach Channel Playground,Q403,Q,414,1
PS 147 PLGD,Q404,East Springfield Playground,Q404,Q,413,2
OCEAN PLAYGROUND,Q407,Lannett Playground,Q407,Q,414,1
HAROLD SCHNEIDERMAN PLAYGROUND (PS 232),Q408,Harold Schneiderman Playground,Q408,Q,410,3
HINTON PARK,Q410,Hinton Park,Q410,Q,403,5
ROCHDALE PARK (JHS 72),Q413,Rochdale Park,Q413,Q,412,5
ROCHDALE PARK (JHS 72),Q413,Rochdale Park (JHS 72),Q413-02,Q,412,4
JHS 202 / GODDARD,Q414,Rocket Park,Q414,Q,410,2
LOUIS ARMSTRONG PLGD ,Q415,Louis Armstrong Playground,Q415,Q,403,2
HART PLAYGROUND,Q419,Hart Playground,Q419,Q,407,1
WALTER WARD PLGD (PS 207),Q421,Walter Ward Playground,Q421,Q,410,2
SEASIDE PLGD (PS 225),Q422,Seaside Playground,Q422,Q,414,2
REIFF PLGD,Q423,Reiff Playground,Q423,Q,405,3
YELLOWSTONE MUNICIPAL PARK,Q425,Yellowstone Park,Q425,Q,406,3
NORTH ROCHDALE PLGD (PS 30),Q426,North Rochdale Playground,Q426,Q,412,1
SOUTH ROCHDALE PLGD (PS 80),Q427,South Rochdale Playground,Q427,Q,412,2
HORACE HARDING PLGD (PS 20),Q428,Horace Harding Playground,Q428,Q,406,3
SPIRIT PLAYGROUND (PS 76),Q429,Spirit Playground,Q429,Q,401,3
SUNRISE PLGD (PS 195),Q430,Sunrise Playground,Q430,Q,413,1
LONG ISLAND MEWS,Q434,Long Island Mews,Q434,Q,402,1
ATHENS SQ ,Q436,Athens Square,Q436,Q,401,3
MURRAY HILL PLGD ,Q437,Murray Hill Playground,Q437,Q,407,1
ALMEDA PLGD (PS 42),Q443,Almeda Playground,Q443,Q,414,2
BROADWAY PLGD ,Q444,Sean's Place,Q444,Q,401,1
ROY WILKINS-SOUTHERN QUEENS PK,Q448-01,Nautilus Playground,Q448-01,Q,NULL,3
ROY WILKINS-SOUTHERN QUEENS PK,Q448,Playground,Q448-99,Q,412,3
ROY WILKINS-SOUTHERN QUEENS PK,Q448,Roy Wilkins Rec Center Zone 1A,Q448-ZN01A,Q,412,1
ROY WILKINS-SOUTHERN QUEENS PK,Q448,Roy Wilkins Rec Center Zone 3,Q448-ZN03,Q,412,2
CORONA GOLF PLGD,Q450,Corona Golf Playground,Q450,Q,404,2
GENE GRAY PLGD,Q456,Gene Gray Playground,Q456,Q,414,1
COLLEGE POINT PARK,Q457,College Point Park,Q457,Q,407,2
FORT TOTTEN PARK,Q458,Fort Totten Playground,Q458-01,Q,407,1
FORT TOTTEN PARK,Q458,Fort Totten Park Zone 1,Q458-ZN01,Q,407,1
BROAD CHANNEL PARK,Q460,Broad Channel Park,Q460,Q,414,3
SOCRATES SCULPTURE PARK,Q465,Socrates Sculpture Park,Q465,Q,401,1
BROAD CHANNEL PARK,Q467,Broad Channel American Park,Q467,Q,414,1
Hunter's Point South Park,Q471,Hunter's Point South Park,Q471,Q,402,4
COLLEGE POINT PARK,Q476,College Point Fields,Q476,Q,407,6
ELMHURST PARK,Q492,Elmhurst Park,Q492,Q,404,3
Gwirtzman Triangle,QT10,Gwirtzman Triangle,QT10,Q,414,1
IAN MACLENNAN GARDEN,QT18,Ian Maclennan Garden,QT18,Q,406,1
WOODSIDE MEMORIAL PARK,Q198,Woodside Memorial Plaza,QZ118,Q,NULL,1
HANDBALL HAVEN,QZ318,Handball Haven,QZ318,Q,NULL,1
BARRETT TRIANGLE,R004,Barrett Triangle,R004,R,501,1
CLOVE LAKES PARK,R005,Clove Lakes Park Plgd,R005-01,R,501,1
CLOVE LAKES PARK,R005,Clove Lakes Park Zone 1,R005-ZN01,R,501,8
CONFERENCE HOUSE PARK,R006,Conference House Park Zone 2,R006-ZN02,R,503,1
CONFERENCE HOUSE PARK,R006,Conference House Park Zone 3,R006-ZN03,R,503,1
FABER PARK,R008,Faber Pool and Park,R008,R,501,2
HERO PARK,R011,Hero Park,R011,R,501,1
WHITE PLGD,R012,White Playground,R012,R,501,1
WALKER PARK,R015,Walker Park,R015,R,501,3
GREAT KILLS PARK,R016,Corporal Allan F. Kivlehan Park,R016-01,R,503,1
FRESH KILLS PARK,R017,Owl Hollow Fields,R017-ZN01,R,502-503,3
VETERANS PARK,R019,Veterans Park,R019,R,501,1
SILVER LAKE PARK,R022,Silver Lake Park,R022-04,R,501,3
SILVER LAKE PARK,R022,Silver Lake Park Zone 1,R022-ZN01,R,501,3
SILVER LAKE PARK,R022,Silver Lake Park Zone 2,R022-ZN02,R,501,4
TOMPKINSVILLE PARK,R024,Tompkinsville Park,R024,R,501,1
MAHONEY PLGD,R025,Mahoney Playground,R025,R,501,2
DUGAN PLGD,R026,Dugan Playground,R026,R,503,3
AESOP PLAYGROUND,R027A,Aesop Park,R027A,R,503,1
TAPPEN PARK,R028,Tappen Park,R028,R,501,4
WESTERLEIGH PARK,R029,Westerleigh Park,R029,R,501,1
WOLFE'S POND PARK,R031,Wolfe's Pond Park,R031-11,R,503,1
WOLFE'S POND PARK,R031,Wolfe's Pond Park Zone 2,R031-ZN02,R,503,3
WOLFE'S POND PARK,R031,Wolfe's Pond Park Zone 3,R031-ZN03,R,503,2
LEVY PLGD,R033,Levy Park,R033,R,501,2
MCDONALD PLGD,R034,Austin J. McDonald Park,R034,R,501,2
DEMATTI PLGD,R035,De Matti Park,R035,R,501,2
MARINER'S PLGD,R036,Mariners Harbor Playground,R036,R,501,1
LIOTTI / IKEFUGI PLGD,R037,Liotti Ikefugi Playground,R037,R,501,1
MIDLAND PLGD,R038,Midland Playground,R038,R,502,2
MIDLAND FIELD,R038A,Midland Field,R038A,R,502,5
KALTENMEIER PLGD,R042,Kaltenmeier Playground,R042,R,501,1
SCHMUL PARK,R045,Schmul Park,R045-01,R,502,4
FDR BOARDWALK & BEACH,R046,Playland,R046-05,R,502,2
FDR BOARDWALK & BEACH,R046,Midland Playground,R046-06,R,502,1
FDR BOARDWALK & BEACH,R046,Midland Beach Playground,R046-07,R,502,1
FDR BOARDWALK & BEACH,R046,South Beach Zone 1,R046-ZN01,R,502,5
FDR BOARDWALK & BEACH,R046,South Beach Zone 2,R046-ZN02,R,502,2
FDR BOARDWALK & BEACH,R046,South Beach Zone 3,R046-ZN03,R,502,4
FDR BOARDWALK & BEACH,R046,Midland Beach Zone 4,R046-ZN04,R,502,8
FDR BOARDWALK & BEACH,R046,Midland Beach Zone 5,R046-ZN05,R,502,15
ARTHUR VON BRIESEN PARK,R059,Von Briesen Park,R059,R,501,1
STAPLETON PLGD,R061,Stapleton Playground,R061,R,501,3
ARROCHAR PLGD,R062,Arrochar Playground,R062,R,502,1
OLD TOWN PLGD,R063,Old Town Playground,R063,R,502,2
TOAD HALL PLGD,R064,Christopher J. Igneri Playground,R064,R,502,1
Richmond Parkway,R065,Woodhull Playground,R065-02,R,502-503,1
S.I. GREENBELT,R065,Northwest Latourette,R065-ZN07,R,502-503,1
S.I. GREENBELT,R065,Willowbrook Park Recreational Area,R065-ZN08,R,502-503,7
S.I. GREENBELT,R065,Willowbrook Park Natural Area,R065-ZN11,R,502-503,1
MACARTHUR PARK,R067,Gen. Douglas MacArthur Park,R067,R,502,5
GRANDVIEW PLGD,R068,The Big Park,R068,R,501,1
TERRACE PLGD,R069,Terrace Playground,R069,R,501,3
GREAT KILLS VETERANS PLGD (PS 8),R071,Great Kills Park,R071,R,503,2
CLAWSON PLGD (PS 50),R072,Clawson Playground,R072,R,503,1
NAPLES PLGD,R073,Naples Playground,R073,R,502,1
FATHER MACRIS PARK,R075A,Father Macris Park,R075A,R,502,1
MARKHAM PLGD,R076,Markham Playground,R076,R,501,5
NORTHERLEIGH PARK,R078,Northerleigh Park,R078,R,501,1
LEMON CREEK PARK,R079,Lemon Creek Park,R079,R,503,1
ANNADALE GREEN,R080,Annadale Green,R080,R,503,1
PRESCOTT PLGD,R085,E.M.T. Christopher J. Prescott Playground,R085,R,503,1
DAVIS PLGD,R086,Davis Playground,R086,R,501,4
DONGAN PLGD,R087,Dongan Playground,R087,R,502,1
GREENCROFT PLGD (PS 53),R089,Greencroft Playground,R089,R,503,2
DOUBLE NICKEL PLGD,R090,Lieutenant John H. Martinson Playground,R090,R,503,3
PRALL PLGD,R105,Prall Playground,R105,R,501,3
BLOOMINGDALE PARK,R106,Bloomingdale Playground,R106-01,R,503,3
BLOOMINGDALE PARK,R106,Bloomingdale Park Zone 3,R106-ZN03,R,503,6
LAWRENCE C THOMPSON MEM PARK,R109,CPL. Thompson Park,R109,R,501,2
JENNIFER'S PLGD,R114,Jennifer's Playground,R114,R,501,4
ALICE AUSTEN HOUSE & PARK,R117,Alice Austen Park,R117,R,501,1
SKYLINE PLGD,R123,Skyline Playground,R123,R,501,1
LUIZ LOPEZ PLGD,R125,Lopez Playground,R125,R,501,2
BLOOD ROOT VALLEY (GREENBELT),R129,Greenbelt Recreation Center Playground,R129-01,R,502,1
NELSON AVE WATERFRONT PARK,R145,Seaside Wildlife Nature Park,R145,R,503,2
NELSON AVE WATERFRONT PARK,R145,Seaside Wildlife Nature Playground,R145-01,R,503,2
AQUEDUCT WALK,X001,Aqueduct Lands Plgd,X001-01,X,207,2
AQUEDUCT LANDS,X001A,Morton Plgd,X001A-01,X,205-207,1
BRONX PARK,X002,Ben Abrams Playground,X002-04,X,206-211-212-207,1
BRONX PARK,X002,Brady Plgd,X002-05,X,206-211-212-207,1
BRONX PARK,X002,Waring Plgd,X002-05A,X,206-211-212-207,2
BRONX PARK,X002,River Park,X002-07,X,206-211-212-207,2
BRONX PARK,X002,French Charley Plgd,X002-08,X,206-211-212-207,1
BRONX PARK,X002,Rosewood Playground,X002-14,X,206-211-212-207,2
BRONX PARK,X002,Bronx Park Zone 1,X002-ZN01,X,206-211-212-207,3
BRONX PARK,X002,Bronx Park Zone 2,X002-ZN02,X,206-211-212-207,1
BRONX PARK,X002,Allerton Fields In Bronx Park,X002-ZN04,X,206-211-212-207,1
BRONX RIVER PARKWAY,X004,227th Street Playground,X004-01,X,206-209-211-212,1
BRONX RIVER PARKWAY,X004,Olinville Playground,X004-02,X,206-209-211-212,3
BRONX RIVER PARKWAY,X004,Parque De Los Ninos,X004-03,X,206-209-211-212,3
BRONX RIVER PARKWAY,X004,Metcalf Playground,X004-04,X,206-209-211-212,1
BRYAN PARK,X005,Bryan Park,X005,X,207,1
CLAREMONT PARK,X008,Claremont Park,X008-01,X,204,1
CLAREMONT PARK,X008,Claremont Zone 1,X008-ZN01,X,204,1
CLAREMONT PARK,X008,Claremont Zone 2,X008-ZN02,X,204,1
MONSIGNOR DEL VALLE SQ,X009,Monsignor Raul Del Valle Square,X009,X,202,1
CROTONA PARK,X010,Crotona Playground (1),X010-01,X,203,1
CROTONA PARK,X010,Hill & Dale Playground,X010-05,X,203,2
CROTONA PARK,X010,Carter Plgd (7),X010-07,X,203,1
CROTONA PARK,X010,Playground Of The Stars,X010-10,X,203,1
CROTONA PARK,X010,Bathgate Playground,X010-12,X,203,2
TREMONT PARK,X010A,Tremont Plgd (1),X010A-01,X,206,1
TREMONT PARK,X010A,Tremont Plgd (2),X010A-02,X,206,2
CROTONA PARK,X010,Crotona Park Lake,X010-ZN01,X,203,3
CROTONA PARK,X010,Crotona Zone 2,X010-ZN02,X,203,1
CROTONA PARK,X010,Crotona Tennis House & Courts,X010-ZN03,X,203,2
CROTONA PARK,X010,Crotona Zone 7,X010-ZN07,X,203,1
CROTONA PARK,X010,Crotona Zone 9,X010-ZN09,X,203,2
CROTONA PARK,X010,Crotona Zone 10,X010-ZN10,X,203,1
DEVOE PARK,X013,Devoe Park,X013,X,207,2
DEVOE PARK,X013,Devoe Park,X013-01,X,207,1
DEVOE PARK,X013,Devoe Park,X013-02,X,207,1
HORSESHOE PLGD,X014,Horseshoe Playground,X014,X,202,1
OWEN DOLEN GOLDEN AGE CENTER,X016,Owen F. Dolen Park,X016,X,210,2
RICHMAN (ECHO) PARK,X017,Richman (Echo) Park Upper,X017-02,X,205,1
FORT INDEPENDENCE PLAYGROUND,X020,Fort Independence Playground,X020,X,208,2
DREW PLAYGROUND,X021,Drew Playground,X021,X,203,1
BENJAMIN GLADSTONE SQUARE (T),X022,Benjamin Gladstone Square,X022,X,202,1
HINES PARK,X026,Hines Park,X026,X,203,1
JOYCE KILMER PARK,X028,Joyce Kilmer Park,X028,X,204,2
LYONS PLAYGROUND,X029,Lyons Square Park,X029,X,202,2
MACOMBS DAM PARK,X030,Macombs Dam Park Zone 1 Upper,X030-ZN01,X,204,5
MACOMBS DAM PARK,X030,Macombs Dam Park Zone 2 Lower,X030-ZN02,X,204,3
MACOMBS DAM PARK,X030,Macombs Dam Park Zone 3,X030-ZN03,X,204,2
RAILROAD PARK,X032,Railroad Park,X032,X,203,1
MOSHOLU PARKWAY (2.MILES),X033,Kossuth Plgd,X033-01,X,207-208,2
MOSHOLU PARKWAY (2.MILES),X033,Knox-Gates Playground,X033-04,X,207-208,1
MOSHOLU PARKWAY (2.MILES),X033,Frisch Field,X033-10,X,207-208,1
JOHN MULLALY PARK,X034,Mullaly Park Zone 1,X034-ZN01,X,204,2
JOHN MULLALY PARK,X034,Mullaly Park Zone 2,X034-ZN02,X,204,4
FORT FOUR PARK,X038,Strong Street Plgd,X038-01,X,208,1
FORT FOUR PLGD,X038,Fort #4 Playground,X038-02,X,208,1
PELHAM BAY PARK,X039,Playground For All Children,X039-01,X,210-212,2
PELHAM BAY PARK,X039,Sweetgum Plgd,X039-02,X,210-212,1
PELHAM BAY PARK,X039,Pelican Bay Plgd,X039-06K,X,210-212,1
PELHAM BAY PARK,X039,Aileen Ryan Rec. Complex,X039-ZN01,X,210-212,7
PELHAM BAY PARK,X039,Pelham South Park Headquarters,X039-ZN02,X,210-212,2
PELHAM BAY PARK,X039,South Meadow,X039-ZN04,X,210-212,2
PELHAM BAY PARK,X039,Rodman's Neck East,X039-ZN09,X,210-212,2
PELHAM BAY PARK,X039,Orchard Beach North,X039-ZN16,X,210-212,15
PELHAM BAY PARK,X039,Twenty-Six Courts & Bath Courts,X039-ZN17,X,210-212,5
PELHAM BAY PARK,X039,Orchard Bch. Pavilion,X039-ZN18,X,210-212,1
PELHAM BAY PARK,X039,Orchard Beach South,X039-ZN19,X,210-212,18
POE PARK,X040,Poe Park,X040,X,207,2
PULASKI PARK,X041,Pulaski Park,X041,X,201,2
ROSE HILL PARK,X042,Rose Hill Park,X042,X,207,1
ST JAMES PARK,X044,St. James Park,X044,X,207,4
ST JAMES PARK,X044,St James Park,X044-01,X,207,2
ST MARY'S PARK,X045,St Mary's Playground East,X045-01,X,201,1
ST MARY'S PARK,X045,St Mary's Playground West,X045-03,X,201,2
ST MARY'S PARK,X045,St Mary's Park Zone 1,X045-ZN01,X,201,2
ST MARY'S PARK,X045,St Mary's Park Zone 2,X045-ZN02,X,201,1
SETON FALLS PARK,X046,High Rock Plgd,X046-01,X,212,1
FRANZ SIGEL PARK,X047,Franz Sigel Park Zone 1,X047-ZN01,X,204,3
FRANZ SIGEL PARK,X047,Franz Sigel Park Zone 2,X047-ZN02,X,204,2
O'NEILL TRIANGLE,X053,O'Neill Triangle,X053,X,203,1
BEATTY PLAZA,X062,Beatty Plaza,X062,X,203,1
D'AURIA MURPHY TRIANGLE,X068,D'Auria-Murphy Triangle,X068,X,206,1
HENRY HUDSON PARK,X080,Henry Hudson Park,X080,X,208,3
HENRY HUDSON PARK,X080,Paul's Playground (Lower),X080-01,X,208,1
HENRY HUDSON PARK,X080,Henry Hudson Playground (South),X080-03,X,208,1
SLATTERY PLAYGROUND,X085,Slattery Playground,X085,X,205,3
CHARLTON GARDEN,X086,Charlton Garden,X086,X,203,1
ZIMMERMAN PLAYGROUND,X087,Zimmerman Playground,X087,X,211,1
VAN CORTLANDT PARK,X092,Van Cortlandt Classic Plgd,X092-05,X,207-208-212,3
VAN CORTLANDT PARK,X092,Woodlawn Plgd,X092-06,X,207-208-212,1
VAN CORTLANDT PARK,X092,Southwest Plgd,X092-09,X,207-208-212,1
VAN CORTLANDT PARK,X092,Sachkerah Woods Playground,X092-26,X,207-208-212,1
VAN CORTLANDT PARK,X092,SW Corner,X092-ZN01,X,207-208-212,1
VAN CORTLANDT PARK,X092,Van Cortlandt Stadium,X092-ZN02,X,207-208-212,2
VAN CORTLANDT PARK,X092,Van Cortlandt Pool,X092-ZN03,X,207-208-212,1
VAN CORTLANDT PARK,X092,V. C. Mansion- Tennis Courts- Mem. Grove,X092-ZN04,X,207-208-212,3
VAN CORTLANDT PARK,X092,Parade Ground South,X092-ZN05,X,207-208-212,2
VAN CORTLANDT PARK,X092,Parade Ground North,X092-ZN06,X,207-208-212,6
VAN CORTLANDT PARK,X092,Stables Area,X092-ZN07,X,207-208-212,1
VAN CORTLANDT PARK,X092,Kelly Fields,X092-ZN08,X,207-208-212,2
VAN CORTLANDT PARK,X092,Healy Field & Gaelic Field,X092-ZN10,X,207-208-212,1
VAN CORTLANDT PARK,X092,Indian Memorial To Indian Field,X092-ZN11,X,207-208-212,3
VAN CORTLANDT PARK,X092,Allen Shandler Rec Area,X092-ZN12,X,207-208-212,5
CICCARONE PARK,X102,Ciccarone Park,X102,X,206,3
PEOPLE'S PARK,X103,People's Park,X103,X,201,2
WILLIAMSBRIDGE OVAL,X104,Williamsbridge Oval,X104,X,207,4
WILLIAMSBRIDGE OVAL,X104,P/g W/ Mini Pool & Courts,X104-01,X,207,2
WILLIAMSBRIDGE OVAL,X104,Williamsbridge Oval,X104-02,X,207,2
WILLIAMSBRIDGE OVAL,X104,Williamsbridge Oval,X104-03,X,207,1
HAWKINS PARK,X107,Hawkins Park,X107,X,210,1
BELMONT PLAYGROUND,X108,Belmont Playground,X108,X,206,4
CEDAR PLAYGROUND,X111,Cedar Playground,X111,X,205,4
CAULDWELL PLAYGROUND,X112,Hilton White Playground,X112,X,203,1
HUNTS POINT PLAYGROUND,X113,Hunts Point Playground,X113,X,202,3
GOBLE PLAYGROUND,X114,Goble Playground,X114,X,204,1
MOTT PLAYGROUND,X115,Mott Playground,X115,X,204,2
REV POLITE PLAYGROUND,X116,Rev J Polite Playground,X116,X,202,2
SOUNDVIEW PARK,X118,Soundview Park,X118-01,X,209,1
SOUNDVIEW PARK,X118,Soundview Park,X118-02,X,209,2
SOUNDVIEW PARK,X118,Soundview Park Zone 1,X118-ZN01,X,209,2
SOUNDVIEW PARK,X118,Soundview Park Zone 3,X118-ZN03,X,209,4
SOUNDVIEW PARK,X118,Soundview Park Zone 4,X118-ZN04,X,209,6
MOTT HAVEN HEALTH CENTER  SITTING  AREA,X119,Alexander's Alley,X119,X,201,1
HIGHBRIDGE PARK,X120,Highbridge Park,X120,X,204,1
COLUCCI PLGD,X122,Colucci Playground,X122,X,210,3
NOBLE PLAYGROUND,X123,Noble Playground,X123,X,209,4
WATSON GLEASON PLAYGROUND,X124,Watson Gleason Playground,X124,X,209,1
FERRY POINT PARK,X126,Ferry Point Park Zone 1,X126-ZN01,X,210,1
FERRY POINT PARK,X126,Ferry Point Park Zone 2,X126-ZN02,X,210,2
FERRY POINT PARK,X126,Ferry Point Park Zone 4,X126-ZN04,X,210,4
LOZADA PLAYGROUND,X131,Lozada Playground,X131,X,201,2
HARRIS PARK,X136,Harris Park,X136,X,207,6
HARRIS PARK,X136,Harris Playground,X136-01,X,207,1
JEROME PARK,X137,Jerome Park,X137,X,208,1
RIENZI PLAYGROUND,X141,Rienzi Playground,X141,X,212,2
FLYNN PLAYGROUND,X146,Flynn Playground,X146,X,201,1
PLIMPTON PLAYGROUND,X148A2,Plimpton Playground,X148A2,X,204,1
JENNIE JEROME PLAYGROUND,X148C5,Jennie Jerome Playground,X148C5,X,205,1
JEROME PLAYGROUND SOUTH,X148C7,Jerome Playground South,X148C7,X,204,1
MORRIS MESA,X148D1,Morris Mesa,X148D1,X,205,1
VIRGINIA PLAYGROUND,X148L,Virginia Playground,X148L,X,209,1
VIRGINIA PARK,X148L1,Virginia Park,X148L1,X,209,2
HAVEMEYER PLAYGROUND,X148M1,Havemeyer Playground,X148M1,X,209,1
FORDHAM LANDING PLAYGROUND,X150E,Fordham Landing Playground,X150E,X,207,1
CONRAD GRAUER FIELD,X150I,Cooney Grauer Field,X150I,X,208,1
Bailey Playground,X150J,Playground,X150J-01,X,208,2
P.O. SERRANO PLGD,X151,P.O. Serrano Playground,X151,X,209,4
VINMONT VETERAN PLGD,X152,Vinmont Veteran Park,X152,X,208,3
MERRIAM PLGD (UPPER),X153,Merriam Plgd (Upper),X153-01,X,204,2
MERRIAM PLGD (LOWER),X153,Merriam Plgd (Lower),X153-02,X,204,2
MELROSE PLAYGROUND,X154,Melrose Playground,X154,X,201,1
PATTERSON PLAYGROUND,X155,Patterson Playground,X155,X,201,1
EASTCHESTER  PLGD,X156,Eastchester Playground,X156,X,211,1
MAZZEI PLGD,X157,Mazzei Playground,X157,X,211,2
SEDGWICK PLAYGROUND,X158,Sedgwick Playground,X158,X,205,1
174TH ST PLGD,X159,Playground 174,X159,X,209,2
CASERTA PLGD,X160,Caserta Playground,X160,X,209,1
GUN HILL  PLAYGROUND,X161,Gun Hill Playground,X161,X,212,1
PARKSIDE PLAYGROUND,X162,Parkside Playground,X162,X,211,1
LORETO PARK,X163,Loreto Playground,X163,X,211,6
DAWSON PLAYGROUND,X164,Dawson Playground,X164,X,202,1
EDENWALD PLAYGROUND,X165,Edenwald Playground,X165,X,212,1
BEHAGEN PLAYGROUND,X166,Behagen Playground,X166,X,203,5
NELSON PLAYGROUND,X168,Nelson Playground,X168,X,204,2
AGNES HAYWOOD PLAYGROUND,X169,Agnes Haywood Playground,X169,X,212,2
THE PEARLY GATES,X170,The Pearly Gates,X170,X,210,2
SPUYTEN DUYVIL PLGD,X171,Spuyten Duyvil Playground,X171,X,208,1
ALLERTON PLGD,X172,Allerton Playground,X172,X,211,1
WEBSTER  PLAYGROUND,X174,Webster Playground,X174,X,206,2
RIVERBEND PLAYGROUND,X175,Riverbend Playground,X175,X,207,1
TAYLOR PLGD,X176,Taylor Playground,X176,X,209,1
CASTLE HILL PLGD,X177,Castle Hill Playground,X177,X,209,1
MATTHEW  MULINER PLGD,X178,Matthews Muliner Playground,X178,X,211,2
PLAYGROUND FIFTY-TWO,X179,Playground 52 LII,X179,X,202,2
WHALEN PARK,X180,Whalen Park,X180,X,207,1
MILLBROOK PLAYGROUND,X182,Millbrook Playground,X182,X,201,3
BRUCKNER PLGD,X183,Bruckner Playground,X183,X,210,2
DUNBAR PLAYGROUND,X185,Dunbar Playground,X185,X,203,2
RIVERDALE PLAYGROUND,X186,Riverdale Playground,X186,X,208,2
ANGELO CAMPANARO PLGD,X187,Angelo Campanaro Plgd,X187-01,X,211-212,2
WAKEFIELD PLGD,X188,Wakefield Playground,X188,X,212,3
TIFFANY PLAYGROUND,X190,Tiffany Playground,X190,X,202,1
BICENTENNIAL VETERANS MEM PARK,X191A,Bicentennial Veterans Memorial Park,X191A,X,210,3
STARS & STRIPES PLGD,X193,Stars & Stripes Playground,X193,X,212,2
CAPT RIVERA PLAYGROUND,X194,Captain Rivera Playground,X194,X,201,1
COLGATE CLOSE,X195A,Colgate Close,X195A,X,209,2
HAFFEN PARK,X196,Haffen Park,X196,X,212,4
HAFFEN PARK,X196,Haffen Park,X196-02,X,212,3
CLARK PLAYGROUND,X200,Clark Playground,X200,X,201,2
SETON HOSPITAL SITE,X201,Seton Park,X201,X,208,5
SETON PARK,X201,Seton Park,X201-01,X,208,1
MARBLE HILL PLGD,X202,Marble Hill Playground,X202,X,208,4
RANDALL PLGD,X203,Randall Playground,X203,X,209,1
STORY PLGD,X204,Story Playground,X204,X,209,1
MORGAN PLAYGROUND,X206,Morgan Playground,X206,X,203,2
MAGENTA PLGD,X214,Magenta Playground,X214,X,212,1
ABIGAIL PLAYGROUND,X216,Abigail Playground,X216,X,201,2
WILLIS PLAYGROUND,X217,Willis Playground,X217,X,201,2
ARCILLA PLAYGROUND,X219,Arcilla Playground,X219,X,204,2
SPACE TIME PLGD,X221,Space Time Playground,X221,X,209,1
GOUVERNEUR PLGD,X222,Gouverneur Playground,X222,X,203,1
MACLAUGHLIN PLGD,X224,MacLaughlin Playground,X224,X,208,2
BURNS PLGD,X232,Burns Playground,X232,X,211,1
FOUNTAIN OF YOUTH PLAYGROUND,X233,Fountain Of Youth Playground,X233,X,201,2
GROVE HILL PLAYGROUND,X235,Grove Hill Playground,X235,X,201,3
ROCKS & ROOTS PARK,X243,Estella Diggs Park,X243,X,203,1
FOX PLAYGROUND,X247,Fox Playground,X247,X,202,4
PARK (CO-OP CITY BALLFIELDS),X251,Co-op City Field,X251,X,210,3
PARK,X252,Bathgate Playground,X252,X,206,2
AMBROSINI FIELD,X253,Ambrosini Field,X253,X,210,3
BILL RAINEY MEMORIAL PARK,X255,Rainey Park,X255,X,202,6
MOUNT HOPE PLAYGROUND,X257,Mount Hope Playground,X257,X,205,2
CLEOPATRA PLAYGROUND,X258,Cleopatra Playground,X258,X,205,2
MANIDA BALLFIELDS,X260,Julio Carballo Fields,X260,X,202,3
West Bronx Recreation Center,X261,West Bronx Recreation Center,X261,X,204,1
HARDING PARK,X262,Harding Park,X262,X,209,2
QUARRY ROAD BALLFIELDS,X263,Quarry Ballfields,X263,X,206,2
GALILEO PARK,X265,Galileo Playground,X265,X,205,2
VIDALIA PARK,X266,Vidalia Park,X266,X,206,4
MITCHELL MALL,X267,Eae J Mitchell Park,X267,X,203,1
GRANT AVENUE PARK,X271,Grant Park,X271,X,204,2
RANAQUA PARK,X272,Ranaqua Park,X272,X,201,1
ROCK GARDEN COMMUNITY PARK,X273,Rock Garden Park,X273,X,203,2
WASHINGTON PARK,X280,Washington Park,X280,X,206,1
STOP AND GO PLGD,X281,Stop & Go Playground,X281,X,206,1
SEABURY PARK,X282,Seabury Park,X282,X,203,2
BILLINGSLEY TERRACE PLAYGROUND,X283,Beanstalk Playground,X283,X,205,1
PRINTERS PARK,X284,Printer's Park,X284,X,202,2
REV LENA IRONS UNITY PARK,X286,Rev Lena Irons Unity Park,X286,X,203,1
OGDEN PLIMPTON PLAYGROUND,X287,Ogden Plimpton Playground,X287,X,204,1
WALTON AVE. AB PARK,X292,Morris Garden,X292,X,205,1
NELSON AVENUE FAMILY PARK,X295,Half-Nelson Playground,X295,X,205,2
DAVIDSON AVE COMMUNITY PLGD,X300,Davidson Playground,X300,X,205,1
THORPE PLAYGROUND,X302,Thorpe Family Playground,X302,X,206,1
CONCRETE PLANT PARK,X305,Concrete Plant Park,X305,X,202,2
BARRETTO POINT PARK,X307,Barretto Point Park,X307,X,202,2
MOHEGAN TRIANGLE,X334,Mohegan Triangle,X334,X,206,2
HUNT'S POINT RIVERSIDE PARK,X336,Hunts Point Riverside Park,X336,X,202,2
Mill Pond Park,X344,Mill Pond Park,X344,X,204,2
RIVER AVENUE PARKS,X348,River Avenue Parks,X348-01,X,204,2
RIVER AVENUE PARKS,X348,River Avenue Parks,X348-02,X,204,1
GREENSTREET,X092,Greenstreet,XZ44,X,207-208-212,1
